origin,revision,branch,snapshot_without,path,status
https://github.com/whyrusleeping/go-multistream,swh:1:rev:199f9af82407302d3394cc79b827132dca9b54f7,refs/pull/9/head,swh:1:snp:3be366b48fd8383fb87db1aaa1970c2211a241d4,./multistream.go,Modified
https://github.com/whyrusleeping/go-multistream,swh:1:rev:199f9af82407302d3394cc79b827132dca9b54f7,refs/pull/9/head,swh:1:snp:3be366b48fd8383fb87db1aaa1970c2211a241d4,./README.md,Modified
https://github.com/whyrusleeping/go-multistream,swh:1:rev:199f9af82407302d3394cc79b827132dca9b54f7,refs/pull/9/head,swh:1:snp:3be366b48fd8383fb87db1aaa1970c2211a241d4,./lazy.go,Modified
https://github.com/whyrusleeping/go-multistream,swh:1:rev:199f9af82407302d3394cc79b827132dca9b54f7,refs/pull/9/head,swh:1:snp:3be366b48fd8383fb87db1aaa1970c2211a241d4,./package.json,Modified
https://github.com/whyrusleeping/go-multistream,swh:1:rev:199f9af82407302d3394cc79b827132dca9b54f7,refs/pull/9/head,swh:1:snp:3be366b48fd8383fb87db1aaa1970c2211a241d4,./.gx/lastpubver,Modified
https://github.com/whyrusleeping/go-multistream,swh:1:rev:199f9af82407302d3394cc79b827132dca9b54f7,refs/pull/9/head,swh:1:snp:3be366b48fd8383fb87db1aaa1970c2211a241d4,./multistream_test.go,Modified
https://github.com/semoal/react-antd-boilerplate,swh:1:rev:f138eb3e1f754ee2e1293c6080dd9d913afe47f4,refs/pull/1/head,swh:1:snp:64b8bc850b6ac61c962bb7f949ddb1c50af3461f,./renovate.json,Modified
https://github.com/semoal/react-antd-boilerplate,swh:1:rev:f138eb3e1f754ee2e1293c6080dd9d913afe47f4,refs/heads/renovate/configure,swh:1:snp:64b8bc850b6ac61c962bb7f949ddb1c50af3461f,./renovate.json,Modified
https://github.com/atlassian/redis-dump-restore,swh:1:rev:41e211130462227570c5da3ac7bdfa438475bebd,refs/pull/3/head,swh:1:snp:2d6d02f1ee5fc582770d4eb6e49cd29155999f86,./renovate.json,Modified
https://github.com/atlassian/redis-dump-restore,swh:1:rev:41e211130462227570c5da3ac7bdfa438475bebd,refs/heads/renovate/configure,swh:1:snp:2d6d02f1ee5fc582770d4eb6e49cd29155999f86,./renovate.json,Modified
https://github.com/Automattic/vip-js-sdk,swh:1:rev:4439de86c6e86f6dcf320290bf5847fb2acc4ba7,refs/pull/62/head,swh:1:snp:ecd68836b08e6fb3dc7ada173d06a5fa932f7403,./package-lock.json,Modified
https://github.com/Automattic/vip-js-sdk,swh:1:rev:4439de86c6e86f6dcf320290bf5847fb2acc4ba7,refs/pull/62/head,swh:1:snp:ecd68836b08e6fb3dc7ada173d06a5fa932f7403,./package.json,Modified
https://github.com/Automattic/vip-js-sdk,swh:1:rev:5b8577147caa7f8933d5b94032d4c5220d37f784,refs/pull/53/head,swh:1:snp:ecd68836b08e6fb3dc7ada173d06a5fa932f7403,./package-lock.json,Modified
https://github.com/Automattic/vip-js-sdk,swh:1:rev:5b8577147caa7f8933d5b94032d4c5220d37f784,refs/pull/53/head,swh:1:snp:ecd68836b08e6fb3dc7ada173d06a5fa932f7403,./package.json,Modified
https://github.com/atlassian/redis-dump-restore,swh:1:rev:a992f5108741f42e2ed9c908f415c91045138dbc,refs/pull/3/head,swh:1:snp:676e6deab3a0d17a95b4b0df31ad05263cf2c3de,./renovate.json,Modified
https://github.com/atlassian/redis-dump-restore,swh:1:rev:a992f5108741f42e2ed9c908f415c91045138dbc,refs/heads/renovate/configure,swh:1:snp:676e6deab3a0d17a95b4b0df31ad05263cf2c3de,./renovate.json,Modified
https://github.com/Automattic/vip-js-sdk,swh:1:rev:a5cc3f19e6c8bf29b3be4ccb51405840dfb2e15a,refs/pull/45/head,swh:1:snp:334fd3601d6cede49ab76058d241caf261f0d36c,./package-lock.json,Modified
https://github.com/Automattic/vip-js-sdk,swh:1:rev:a5cc3f19e6c8bf29b3be4ccb51405840dfb2e15a,refs/pull/45/head,swh:1:snp:334fd3601d6cede49ab76058d241caf261f0d36c,./package.json,Modified
https://github.com/Automattic/vip-js-sdk,swh:1:rev:466a544bc8a12ef737c5ab020bfed13ca2facb20,refs/pull/49/head,swh:1:snp:a922b11f02d5dca5f62a23274f8daada6d8b7c14,./package.json,Modified
https://github.com/Automattic/vip-js-sdk,swh:1:rev:466a544bc8a12ef737c5ab020bfed13ca2facb20,refs/pull/49/head,swh:1:snp:a922b11f02d5dca5f62a23274f8daada6d8b7c14,./package-lock.json,Modified
https://github.com/tubbo/travis-release,swh:1:rev:9d84ea4cc1a8307ca6e2afe6dab9dbda2aeb2043,refs/heads/renovate/configure,swh:1:snp:3c4ea69f0b97cd99abca2a2b2d4f978297462879,./renovate.json,Modified
https://github.com/tubbo/travis-release,swh:1:rev:9d84ea4cc1a8307ca6e2afe6dab9dbda2aeb2043,refs/pull/1/head,swh:1:snp:3c4ea69f0b97cd99abca2a2b2d4f978297462879,./renovate.json,Modified
https://github.com/Automattic/vip-js-sdk,swh:1:rev:47d5cd92fcf6c3ece9b8742255fdc0994c3187aa,refs/pull/53/head,swh:1:snp:f541526e98c3166721d682acff99dd0a84ba0b14,./package-lock.json,Modified
https://github.com/Automattic/vip-js-sdk,swh:1:rev:47d5cd92fcf6c3ece9b8742255fdc0994c3187aa,refs/pull/53/head,swh:1:snp:f541526e98c3166721d682acff99dd0a84ba0b14,./package.json,Modified
https://github.com/dXu23/emacs-config,swh:1:rev:d917eb83b54d89ad26e6f096acbf5042fbfd2d4c,refs/heads/master,swh:1:snp:3f52dfe7f44eed1382b21fda879d77fbc14173d5,./config.org,Modified
https://github.com/dXu23/emacs-config,swh:1:rev:d917eb83b54d89ad26e6f096acbf5042fbfd2d4c,refs/heads/master,swh:1:snp:3f52dfe7f44eed1382b21fda879d77fbc14173d5,./config.el,Modified
https://github.com/dXu23/emacs-config,swh:1:rev:d917eb83b54d89ad26e6f096acbf5042fbfd2d4c,refs/heads/master,swh:1:snp:3f52dfe7f44eed1382b21fda879d77fbc14173d5,./init.el,Modified
https://github.com/Automattic/vip-js-sdk,swh:1:rev:a12c4d07d15696c593cceaa55fd39efeaf0c9576,refs/pull/59/head,swh:1:snp:f541526e98c3166721d682acff99dd0a84ba0b14,./package-lock.json,Modified
https://github.com/Automattic/vip-js-sdk,swh:1:rev:a12c4d07d15696c593cceaa55fd39efeaf0c9576,refs/pull/59/head,swh:1:snp:f541526e98c3166721d682acff99dd0a84ba0b14,./package.json,Modified
https://github.com/Automattic/vip-js-sdk,swh:1:rev:d94013d5859182223629ba253e53413ce1a27dc4,refs/pull/45/head,swh:1:snp:f10ef9665a377f091a0814c7c10b1e0f61234882,./package-lock.json,Modified
https://github.com/Automattic/vip-js-sdk,swh:1:rev:d94013d5859182223629ba253e53413ce1a27dc4,refs/pull/45/head,swh:1:snp:f10ef9665a377f091a0814c7c10b1e0f61234882,./package.json,Modified
https://github.com/Automattic/vip-js-sdk,swh:1:rev:a12c4d07d15696c593cceaa55fd39efeaf0c9576,refs/heads/renovate/eslint-plugin-jest-26.x,swh:1:snp:f541526e98c3166721d682acff99dd0a84ba0b14,./package.json,Modified
https://github.com/Automattic/vip-js-sdk,swh:1:rev:a12c4d07d15696c593cceaa55fd39efeaf0c9576,refs/heads/renovate/eslint-plugin-jest-26.x,swh:1:snp:f541526e98c3166721d682acff99dd0a84ba0b14,./package-lock.json,Modified
https://github.com/Automattic/vip-js-sdk,swh:1:rev:aec26d63ba50aa3902891f65d8b948d1a26dd597,refs/heads/renovate/debug-4.x,swh:1:snp:a922b11f02d5dca5f62a23274f8daada6d8b7c14,./package-lock.json,Modified
https://github.com/Automattic/vip-js-sdk,swh:1:rev:d2a0f864e62e9c48ead47a0ff16a7fd769fbd8f2,refs/pull/55/head,swh:1:snp:f541526e98c3166721d682acff99dd0a84ba0b14,./package.json,Modified
https://github.com/Automattic/vip-js-sdk,swh:1:rev:d2a0f864e62e9c48ead47a0ff16a7fd769fbd8f2,refs/pull/55/head,swh:1:snp:f541526e98c3166721d682acff99dd0a84ba0b14,./package-lock.json,Modified
https://github.com/Automattic/vip-js-sdk,swh:1:rev:ea82e3abeb467d1cb6949a4adb46bb3502f21a28,refs/heads/renovate/eslint-plugin-jest-25.x,swh:1:snp:f10ef9665a377f091a0814c7c10b1e0f61234882,./package-lock.json,Modified
https://github.com/Automattic/vip-js-sdk,swh:1:rev:ea82e3abeb467d1cb6949a4adb46bb3502f21a28,refs/heads/renovate/eslint-plugin-jest-25.x,swh:1:snp:f10ef9665a377f091a0814c7c10b1e0f61234882,./package.json,Modified
https://github.com/Automattic/vip-js-sdk,swh:1:rev:d94013d5859182223629ba253e53413ce1a27dc4,refs/heads/renovate/all-minor-patch-devdependencies,swh:1:snp:f10ef9665a377f091a0814c7c10b1e0f61234882,./package.json,Modified
https://github.com/Automattic/vip-js-sdk,swh:1:rev:d94013d5859182223629ba253e53413ce1a27dc4,refs/heads/renovate/all-minor-patch-devdependencies,swh:1:snp:f10ef9665a377f091a0814c7c10b1e0f61234882,./package-lock.json,Modified
https://github.com/Automattic/vip-js-sdk,swh:1:rev:45e3ea50cf04a552248d94e5c07bd952528b290c,refs/pull/44/head,swh:1:snp:334fd3601d6cede49ab76058d241caf261f0d36c,./package-lock.json,Modified
https://github.com/Automattic/vip-js-sdk,swh:1:rev:45e3ea50cf04a552248d94e5c07bd952528b290c,refs/pull/44/head,swh:1:snp:334fd3601d6cede49ab76058d241caf261f0d36c,./package.json,Modified
https://github.com/Automattic/vip-js-sdk,swh:1:rev:466a544bc8a12ef737c5ab020bfed13ca2facb20,refs/heads/renovate/eslint-plugin-flowtype-8.x,swh:1:snp:a922b11f02d5dca5f62a23274f8daada6d8b7c14,./package.json,Modified
https://github.com/Automattic/vip-js-sdk,swh:1:rev:466a544bc8a12ef737c5ab020bfed13ca2facb20,refs/heads/renovate/eslint-plugin-flowtype-8.x,swh:1:snp:a922b11f02d5dca5f62a23274f8daada6d8b7c14,./package-lock.json,Modified
https://github.com/Arction/lcjs-html-example,swh:1:rev:04a7274fae68814f428ad4872cda20cf7f2ab01e,refs/heads/master,swh:1:snp:48426630a4130760d42b421ae3a41f973154a66b,./lcjs.iife.js,Modified
https://github.com/Automattic/vip-js-sdk,swh:1:rev:ac12830a7b72174ca45233f6ce7038ce0cc4ea2a,refs/heads/renovate/all-minor-patch-eslint,swh:1:snp:a922b11f02d5dca5f62a23274f8daada6d8b7c14,./package.json,Modified
https://github.com/Automattic/vip-js-sdk,swh:1:rev:ac12830a7b72174ca45233f6ce7038ce0cc4ea2a,refs/heads/renovate/all-minor-patch-eslint,swh:1:snp:a922b11f02d5dca5f62a23274f8daada6d8b7c14,./package-lock.json,Modified
https://github.com/Automattic/vip-js-sdk,swh:1:rev:f3bc9f50cb327f6bdb082921f5be5d6867d3e64d,refs/pull/45/head,swh:1:snp:a922b11f02d5dca5f62a23274f8daada6d8b7c14,./package-lock.json,Modified
https://github.com/Automattic/vip-js-sdk,swh:1:rev:f3bc9f50cb327f6bdb082921f5be5d6867d3e64d,refs/pull/45/head,swh:1:snp:a922b11f02d5dca5f62a23274f8daada6d8b7c14,./package.json,Modified
https://github.com/Automattic/vip-js-sdk,swh:1:rev:5b8577147caa7f8933d5b94032d4c5220d37f784,refs/heads/renovate/superagent-7.x,swh:1:snp:ecd68836b08e6fb3dc7ada173d06a5fa932f7403,./package-lock.json,Modified
https://github.com/Automattic/vip-js-sdk,swh:1:rev:5b8577147caa7f8933d5b94032d4c5220d37f784,refs/heads/renovate/superagent-7.x,swh:1:snp:ecd68836b08e6fb3dc7ada173d06a5fa932f7403,./package.json,Modified
https://github.com/Automattic/vip-js-sdk,swh:1:rev:712841ddcbcbb0b3fc5b08c3a4b9f01e7e861111,refs/heads/renovate/eslint-8.x,swh:1:snp:f541526e98c3166721d682acff99dd0a84ba0b14,./package-lock.json,Modified
https://github.com/Automattic/vip-js-sdk,swh:1:rev:712841ddcbcbb0b3fc5b08c3a4b9f01e7e861111,refs/heads/renovate/eslint-8.x,swh:1:snp:f541526e98c3166721d682acff99dd0a84ba0b14,./package.json,Modified
https://github.com/Automattic/vip-js-sdk,swh:1:rev:47d5cd92fcf6c3ece9b8742255fdc0994c3187aa,refs/heads/renovate/superagent-7.x,swh:1:snp:f541526e98c3166721d682acff99dd0a84ba0b14,./package.json,Modified
https://github.com/Automattic/vip-js-sdk,swh:1:rev:47d5cd92fcf6c3ece9b8742255fdc0994c3187aa,refs/heads/renovate/superagent-7.x,swh:1:snp:f541526e98c3166721d682acff99dd0a84ba0b14,./package-lock.json,Modified
https://github.com/Automattic/vip-js-sdk,swh:1:rev:ac12830a7b72174ca45233f6ce7038ce0cc4ea2a,refs/pull/44/head,swh:1:snp:a922b11f02d5dca5f62a23274f8daada6d8b7c14,./package-lock.json,Modified
https://github.com/Automattic/vip-js-sdk,swh:1:rev:ac12830a7b72174ca45233f6ce7038ce0cc4ea2a,refs/pull/44/head,swh:1:snp:a922b11f02d5dca5f62a23274f8daada6d8b7c14,./package.json,Modified
https://github.com/Automattic/vip-js-sdk,swh:1:rev:08010fa2e734bc11ef2f745cf093321bc05c3b28,refs/pull/47/head,swh:1:snp:f541526e98c3166721d682acff99dd0a84ba0b14,./package.json,Modified
https://github.com/Automattic/vip-js-sdk,swh:1:rev:08010fa2e734bc11ef2f745cf093321bc05c3b28,refs/pull/47/head,swh:1:snp:f541526e98c3166721d682acff99dd0a84ba0b14,./package-lock.json,Modified
https://github.com/Automattic/vip-js-sdk,swh:1:rev:36a3c626460600728289d67fba1716b1c0b4ba1d,refs/heads/renovate/eslint-8.x,swh:1:snp:f10ef9665a377f091a0814c7c10b1e0f61234882,./package-lock.json,Modified
https://github.com/Automattic/vip-js-sdk,swh:1:rev:36a3c626460600728289d67fba1716b1c0b4ba1d,refs/heads/renovate/eslint-8.x,swh:1:snp:f10ef9665a377f091a0814c7c10b1e0f61234882,./package.json,Modified
https://github.com/Automattic/vip-js-sdk,swh:1:rev:efba0547994ada245e45e2dd68857b89cf50a57a,refs/pull/48/head,swh:1:snp:ecd68836b08e6fb3dc7ada173d06a5fa932f7403,./package-lock.json,Modified
https://github.com/Automattic/vip-js-sdk,swh:1:rev:efba0547994ada245e45e2dd68857b89cf50a57a,refs/pull/48/head,swh:1:snp:ecd68836b08e6fb3dc7ada173d06a5fa932f7403,./package.json,Modified
https://github.com/Automattic/vip-js-sdk,swh:1:rev:b31c259ef23e75f5fe306a9139e8c06f1e874176,refs/heads/renovate/superagent-7.x,swh:1:snp:a922b11f02d5dca5f62a23274f8daada6d8b7c14,./package.json,Modified
https://github.com/Automattic/vip-js-sdk,swh:1:rev:b31c259ef23e75f5fe306a9139e8c06f1e874176,refs/heads/renovate/superagent-7.x,swh:1:snp:a922b11f02d5dca5f62a23274f8daada6d8b7c14,./package-lock.json,Modified
https://github.com/Automattic/vip-js-sdk,swh:1:rev:efba0547994ada245e45e2dd68857b89cf50a57a,refs/heads/renovate/eslint-8.x,swh:1:snp:ecd68836b08e6fb3dc7ada173d06a5fa932f7403,./package.json,Modified
https://github.com/Automattic/vip-js-sdk,swh:1:rev:efba0547994ada245e45e2dd68857b89cf50a57a,refs/heads/renovate/eslint-8.x,swh:1:snp:ecd68836b08e6fb3dc7ada173d06a5fa932f7403,./package-lock.json,Modified
https://github.com/Automattic/vip-js-sdk,swh:1:rev:36a3c626460600728289d67fba1716b1c0b4ba1d,refs/pull/48/head,swh:1:snp:f10ef9665a377f091a0814c7c10b1e0f61234882,./package-lock.json,Modified
https://github.com/Automattic/vip-js-sdk,swh:1:rev:36a3c626460600728289d67fba1716b1c0b4ba1d,refs/pull/48/head,swh:1:snp:f10ef9665a377f091a0814c7c10b1e0f61234882,./package.json,Modified
https://github.com/Automattic/vip-js-sdk,swh:1:rev:712841ddcbcbb0b3fc5b08c3a4b9f01e7e861111,refs/pull/48/head,swh:1:snp:f541526e98c3166721d682acff99dd0a84ba0b14,./package.json,Modified
https://github.com/Automattic/vip-js-sdk,swh:1:rev:712841ddcbcbb0b3fc5b08c3a4b9f01e7e861111,refs/pull/48/head,swh:1:snp:f541526e98c3166721d682acff99dd0a84ba0b14,./package-lock.json,Modified
https://github.com/Automattic/vip-js-sdk,swh:1:rev:45e3ea50cf04a552248d94e5c07bd952528b290c,refs/heads/renovate/all-minor-patch-eslint,swh:1:snp:334fd3601d6cede49ab76058d241caf261f0d36c,./package.json,Modified
https://github.com/Automattic/vip-js-sdk,swh:1:rev:45e3ea50cf04a552248d94e5c07bd952528b290c,refs/heads/renovate/all-minor-patch-eslint,swh:1:snp:334fd3601d6cede49ab76058d241caf261f0d36c,./package-lock.json,Modified
https://github.com/Automattic/vip-js-sdk,swh:1:rev:34476b017831bccc44325db88fa08f9f530c7dc8,refs/heads/renovate/eslint-config-wpvip-digest,swh:1:snp:f10ef9665a377f091a0814c7c10b1e0f61234882,./package.json,Modified
https://github.com/Automattic/vip-js-sdk,swh:1:rev:34476b017831bccc44325db88fa08f9f530c7dc8,refs/heads/renovate/eslint-config-wpvip-digest,swh:1:snp:f10ef9665a377f091a0814c7c10b1e0f61234882,./package-lock.json,Modified
https://github.com/Automattic/vip-js-sdk,swh:1:rev:63d3330044976797184286e4d715ca06e6b72b6a,refs/pull/44/head,swh:1:snp:f10ef9665a377f091a0814c7c10b1e0f61234882,./package.json,Modified
https://github.com/Automattic/vip-js-sdk,swh:1:rev:63d3330044976797184286e4d715ca06e6b72b6a,refs/pull/44/head,swh:1:snp:f10ef9665a377f091a0814c7c10b1e0f61234882,./package-lock.json,Modified
https://github.com/Automattic/vip-js-sdk,swh:1:rev:d2a0f864e62e9c48ead47a0ff16a7fd769fbd8f2,refs/heads/renovate/npm-minimist-vulnerability,swh:1:snp:f541526e98c3166721d682acff99dd0a84ba0b14,./package-lock.json,Modified
https://github.com/Automattic/vip-js-sdk,swh:1:rev:d2a0f864e62e9c48ead47a0ff16a7fd769fbd8f2,refs/heads/renovate/npm-minimist-vulnerability,swh:1:snp:f541526e98c3166721d682acff99dd0a84ba0b14,./package.json,Modified
https://github.com/Automattic/vip-js-sdk,swh:1:rev:e889fc7a1c232a7788b8411163a60656144ae03f,refs/pull/59/head,swh:1:snp:ecd68836b08e6fb3dc7ada173d06a5fa932f7403,./package-lock.json,Modified
https://github.com/Automattic/vip-js-sdk,swh:1:rev:e889fc7a1c232a7788b8411163a60656144ae03f,refs/pull/59/head,swh:1:snp:ecd68836b08e6fb3dc7ada173d06a5fa932f7403,./package.json,Modified
https://github.com/Automattic/vip-js-sdk,swh:1:rev:e889fc7a1c232a7788b8411163a60656144ae03f,refs/heads/renovate/eslint-plugin-jest-26.x,swh:1:snp:ecd68836b08e6fb3dc7ada173d06a5fa932f7403,./package.json,Modified
https://github.com/Automattic/vip-js-sdk,swh:1:rev:e889fc7a1c232a7788b8411163a60656144ae03f,refs/heads/renovate/eslint-plugin-jest-26.x,swh:1:snp:ecd68836b08e6fb3dc7ada173d06a5fa932f7403,./package-lock.json,Modified
https://github.com/Automattic/vip-js-sdk,swh:1:rev:4439de86c6e86f6dcf320290bf5847fb2acc4ba7,refs/heads/renovate/eslint-config-wpvip-digest,swh:1:snp:ecd68836b08e6fb3dc7ada173d06a5fa932f7403,./package.json,Modified
https://github.com/Automattic/vip-js-sdk,swh:1:rev:4439de86c6e86f6dcf320290bf5847fb2acc4ba7,refs/heads/renovate/eslint-config-wpvip-digest,swh:1:snp:ecd68836b08e6fb3dc7ada173d06a5fa932f7403,./package-lock.json,Modified
https://github.com/Automattic/vip-js-sdk,swh:1:rev:012c8d5923578153fdb90f432035c641e84484a6,refs/pull/60/head,swh:1:snp:ecd68836b08e6fb3dc7ada173d06a5fa932f7403,./package.json,Modified
https://github.com/Automattic/vip-js-sdk,swh:1:rev:012c8d5923578153fdb90f432035c641e84484a6,refs/pull/60/head,swh:1:snp:ecd68836b08e6fb3dc7ada173d06a5fa932f7403,./package-lock.json,Modified
https://github.com/Automattic/vip-js-sdk,swh:1:rev:08010fa2e734bc11ef2f745cf093321bc05c3b28,refs/heads/renovate/debug-4.x,swh:1:snp:f541526e98c3166721d682acff99dd0a84ba0b14,./package.json,Modified
https://github.com/Automattic/vip-js-sdk,swh:1:rev:08010fa2e734bc11ef2f745cf093321bc05c3b28,refs/heads/renovate/debug-4.x,swh:1:snp:f541526e98c3166721d682acff99dd0a84ba0b14,./package-lock.json,Modified
https://github.com/Automattic/vip-js-sdk,swh:1:rev:9adddf4cd6422325ce37c4feb6541615487ada2e,refs/pull/58/head,swh:1:snp:f541526e98c3166721d682acff99dd0a84ba0b14,./package.json,Modified
https://github.com/Automattic/vip-js-sdk,swh:1:rev:9adddf4cd6422325ce37c4feb6541615487ada2e,refs/pull/58/head,swh:1:snp:f541526e98c3166721d682acff99dd0a84ba0b14,./package-lock.json,Modified
https://github.com/Automattic/vip-js-sdk,swh:1:rev:818d1edda996a74c0f1d1f44abceb1ab9370123d,refs/pull/36/head,swh:1:snp:45c577bdb75a860cc53985f2bd568f109a2403c3,./package-lock.json,Modified
https://github.com/Automattic/vip-js-sdk,swh:1:rev:012c8d5923578153fdb90f432035c641e84484a6,refs/heads/renovate/babel-monorepo,swh:1:snp:ecd68836b08e6fb3dc7ada173d06a5fa932f7403,./package-lock.json,Modified
https://github.com/Automattic/vip-js-sdk,swh:1:rev:012c8d5923578153fdb90f432035c641e84484a6,refs/heads/renovate/babel-monorepo,swh:1:snp:ecd68836b08e6fb3dc7ada173d06a5fa932f7403,./package.json,Modified
https://github.com/Automattic/vip-js-sdk,swh:1:rev:90ce21cf50d7f295f297629f00d0a6d27d7a7caa,refs/pull/43/head,swh:1:snp:a922b11f02d5dca5f62a23274f8daada6d8b7c14,./package.json,Modified
https://github.com/Automattic/vip-js-sdk,swh:1:rev:90ce21cf50d7f295f297629f00d0a6d27d7a7caa,refs/pull/43/head,swh:1:snp:a922b11f02d5dca5f62a23274f8daada6d8b7c14,./package-lock.json,Modified
https://github.com/learn-co-students/looping-while-until-v-000,swh:1:rev:468a96e397b84f75f0703687f465d00e70f990fe,refs/pull/1135/head,swh:1:snp:9aa01ad9cc2846981967e4eb5a129a84bdce32fd,./lib/until.rb,Modified
https://github.com/learn-co-students/looping-while-until-v-000,swh:1:rev:468a96e397b84f75f0703687f465d00e70f990fe,refs/pull/1135/head,swh:1:snp:9aa01ad9cc2846981967e4eb5a129a84bdce32fd,./lib/while.rb,Modified
https://github.com/Automattic/vip-js-sdk,swh:1:rev:4b87c8ad4e2f44c1f5614ad927f0ceec733109e1,refs/pull/51/head,swh:1:snp:a922b11f02d5dca5f62a23274f8daada6d8b7c14,./package-lock.json,Modified
https://github.com/Automattic/vip-js-sdk,swh:1:rev:4b87c8ad4e2f44c1f5614ad927f0ceec733109e1,refs/pull/51/head,swh:1:snp:a922b11f02d5dca5f62a23274f8daada6d8b7c14,./package.json,Modified
https://github.com/Automattic/vip-js-sdk,swh:1:rev:ec2a8f9297df32a717bb7747767f5e977372c72b,refs/heads/renovate/eslint-8.x,swh:1:snp:a922b11f02d5dca5f62a23274f8daada6d8b7c14,./package.json,Modified
https://github.com/Automattic/vip-js-sdk,swh:1:rev:ec2a8f9297df32a717bb7747767f5e977372c72b,refs/heads/renovate/eslint-8.x,swh:1:snp:a922b11f02d5dca5f62a23274f8daada6d8b7c14,./package-lock.json,Modified
https://github.com/Automattic/vip-js-sdk,swh:1:rev:ec2a8f9297df32a717bb7747767f5e977372c72b,refs/pull/48/head,swh:1:snp:a922b11f02d5dca5f62a23274f8daada6d8b7c14,./package.json,Modified
https://github.com/Automattic/vip-js-sdk,swh:1:rev:ec2a8f9297df32a717bb7747767f5e977372c72b,refs/pull/48/head,swh:1:snp:a922b11f02d5dca5f62a23274f8daada6d8b7c14,./package-lock.json,Modified
https://github.com/SkullTech/iitd-proxylogin,swh:1:rev:8431b2d3b52f7ea8ce1e7ec01f895c4bf0359817,refs/heads/master,swh:1:snp:ccbcdc3a226288260dba4bb4f829c84bfdbd2605,./README.md,Modified
https://github.com/SkullTech/iitd-proxylogin,swh:1:rev:8431b2d3b52f7ea8ce1e7ec01f895c4bf0359817,refs/heads/master,swh:1:snp:ccbcdc3a226288260dba4bb4f829c84bfdbd2605,./LICENSE,Modified
https://github.com/SkullTech/iitd-proxylogin,swh:1:rev:8431b2d3b52f7ea8ce1e7ec01f895c4bf0359817,refs/heads/master,swh:1:snp:ccbcdc3a226288260dba4bb4f829c84bfdbd2605,./.gitignore,Modified
https://github.com/Automattic/vip-js-sdk,swh:1:rev:b31c259ef23e75f5fe306a9139e8c06f1e874176,refs/pull/53/head,swh:1:snp:a922b11f02d5dca5f62a23274f8daada6d8b7c14,./package.json,Modified
https://github.com/Automattic/vip-js-sdk,swh:1:rev:b31c259ef23e75f5fe306a9139e8c06f1e874176,refs/pull/53/head,swh:1:snp:a922b11f02d5dca5f62a23274f8daada6d8b7c14,./package-lock.json,Modified
https://github.com/Automattic/vip-js-sdk,swh:1:rev:63d3330044976797184286e4d715ca06e6b72b6a,refs/heads/renovate/all-minor-patch-eslint,swh:1:snp:f10ef9665a377f091a0814c7c10b1e0f61234882,./package.json,Modified
https://github.com/Automattic/vip-js-sdk,swh:1:rev:63d3330044976797184286e4d715ca06e6b72b6a,refs/heads/renovate/all-minor-patch-eslint,swh:1:snp:f10ef9665a377f091a0814c7c10b1e0f61234882,./package-lock.json,Modified
https://github.com/Automattic/vip-js-sdk,swh:1:rev:ea82e3abeb467d1cb6949a4adb46bb3502f21a28,refs/pull/50/head,swh:1:snp:f10ef9665a377f091a0814c7c10b1e0f61234882,./package.json,Modified
https://github.com/Automattic/vip-js-sdk,swh:1:rev:ea82e3abeb467d1cb6949a4adb46bb3502f21a28,refs/pull/50/head,swh:1:snp:f10ef9665a377f091a0814c7c10b1e0f61234882,./package-lock.json,Modified
https://github.com/Automattic/vip-js-sdk,swh:1:rev:a5cc3f19e6c8bf29b3be4ccb51405840dfb2e15a,refs/heads/renovate/all-minor-patch-devdependencies,swh:1:snp:334fd3601d6cede49ab76058d241caf261f0d36c,./package-lock.json,Modified
https://github.com/Automattic/vip-js-sdk,swh:1:rev:a5cc3f19e6c8bf29b3be4ccb51405840dfb2e15a,refs/heads/renovate/all-minor-patch-devdependencies,swh:1:snp:334fd3601d6cede49ab76058d241caf261f0d36c,./package.json,Modified
https://github.com/Automattic/vip-js-sdk,swh:1:rev:9adddf4cd6422325ce37c4feb6541615487ada2e,refs/heads/renovate/all-minor-patch-eslint,swh:1:snp:f541526e98c3166721d682acff99dd0a84ba0b14,./package-lock.json,Modified
https://github.com/Automattic/vip-js-sdk,swh:1:rev:9adddf4cd6422325ce37c4feb6541615487ada2e,refs/heads/renovate/all-minor-patch-eslint,swh:1:snp:f541526e98c3166721d682acff99dd0a84ba0b14,./package.json,Modified
https://github.com/Automattic/vip-js-sdk,swh:1:rev:34476b017831bccc44325db88fa08f9f530c7dc8,refs/pull/43/head,swh:1:snp:f10ef9665a377f091a0814c7c10b1e0f61234882,./package.json,Modified
https://github.com/Automattic/vip-js-sdk,swh:1:rev:34476b017831bccc44325db88fa08f9f530c7dc8,refs/pull/43/head,swh:1:snp:f10ef9665a377f091a0814c7c10b1e0f61234882,./package-lock.json,Modified
https://github.com/Automattic/vip-js-sdk,swh:1:rev:aec26d63ba50aa3902891f65d8b948d1a26dd597,refs/pull/47/head,swh:1:snp:a922b11f02d5dca5f62a23274f8daada6d8b7c14,./package-lock.json,Modified
https://github.com/popchork/hello-world,swh:1:rev:a8e607a942119b6abf4125fdaaba4793077b1ead,refs/pull/1/head,swh:1:snp:0dc4160b67a5bb16143ee24c84b429f879af7b48,./README.md,Modified
https://github.com/abhibhav14/dotfiles,swh:1:rev:ff0077980605adec8da6915287ff07816dffa909,HEAD,swh:1:snp:72b6827d42cebbb36a49e2b6643018d7c3c767d1,./README.md,Modified
https://github.com/abhibhav14/dotfiles,swh:1:rev:ff0077980605adec8da6915287ff07816dffa909,refs/heads/master,swh:1:snp:72b6827d42cebbb36a49e2b6643018d7c3c767d1,./README.md,Modified
https://github.com/popchork/hello-world,swh:1:rev:a8e607a942119b6abf4125fdaaba4793077b1ead,refs/heads/master,swh:1:snp:0dc4160b67a5bb16143ee24c84b429f879af7b48,./README.md,Modified
https://github.com/popchork/hello-world,swh:1:rev:a8e607a942119b6abf4125fdaaba4793077b1ead,HEAD,swh:1:snp:0dc4160b67a5bb16143ee24c84b429f879af7b48,./README.md,Modified
https://github.com/lakehanne/Xbox_tracker,swh:1:rev:27645232e785e3f825cb67e03ee089491a9bea3d,refs/heads/master,swh:1:snp:4d2d28eb9929388858ea3cf8b9505b6c0f97db18,./Haar/haarcascade_mcs_eyepair_big.xml,NotFound
https://github.com/lakehanne/Xbox_tracker,swh:1:rev:27645232e785e3f825cb67e03ee089491a9bea3d,refs/heads/master,swh:1:snp:4d2d28eb9929388858ea3cf8b9505b6c0f97db18,./Haar/haarcascade_mcs_eyepair_small.xml,NotFound
https://github.com/lakehanne/Xbox_tracker,swh:1:rev:27645232e785e3f825cb67e03ee089491a9bea3d,refs/heads/master,swh:1:snp:4d2d28eb9929388858ea3cf8b9505b6c0f97db18,./Haar/haarcascade_frontalface_alt_tree.xml,NotFound
https://github.com/lakehanne/Xbox_tracker,swh:1:rev:27645232e785e3f825cb67e03ee089491a9bea3d,refs/heads/master,swh:1:snp:4d2d28eb9929388858ea3cf8b9505b6c0f97db18,./.gitignore,NotFound
https://github.com/lakehanne/Xbox_tracker,swh:1:rev:27645232e785e3f825cb67e03ee089491a9bea3d,refs/heads/master,swh:1:snp:4d2d28eb9929388858ea3cf8b9505b6c0f97db18,./Haar/haarcascade_mcs_upperbody.xml,NotFound
https://github.com/lakehanne/Xbox_tracker,swh:1:rev:27645232e785e3f825cb67e03ee089491a9bea3d,refs/heads/master,swh:1:snp:4d2d28eb9929388858ea3cf8b9505b6c0f97db18,./Haar/haarcascade_upperbody.xml,NotFound
https://github.com/lakehanne/Xbox_tracker,swh:1:rev:27645232e785e3f825cb67e03ee089491a9bea3d,refs/heads/master,swh:1:snp:4d2d28eb9929388858ea3cf8b9505b6c0f97db18,./Haar/haarcascade_eye_tree_eyeglasses.xml,NotFound
https://github.com/lakehanne/Xbox_tracker,swh:1:rev:27645232e785e3f825cb67e03ee089491a9bea3d,refs/heads/master,swh:1:snp:4d2d28eb9929388858ea3cf8b9505b6c0f97db18,./Haar/haarcascade_smile.xml,NotFound
https://github.com/lakehanne/Xbox_tracker,swh:1:rev:27645232e785e3f825cb67e03ee089491a9bea3d,refs/heads/master,swh:1:snp:4d2d28eb9929388858ea3cf8b9505b6c0f97db18,./Haar/haarcascade_mcs_leftear.xml,NotFound
https://github.com/lakehanne/Xbox_tracker,swh:1:rev:27645232e785e3f825cb67e03ee089491a9bea3d,refs/heads/master,swh:1:snp:4d2d28eb9929388858ea3cf8b9505b6c0f97db18,./Haar/haarcascade_frontalface_alt.xml,NotFound
https://github.com/lakehanne/Xbox_tracker,swh:1:rev:27645232e785e3f825cb67e03ee089491a9bea3d,refs/heads/master,swh:1:snp:4d2d28eb9929388858ea3cf8b9505b6c0f97db18,./Haar/haarcascade_righteye_2splits.xml,NotFound
https://github.com/lakehanne/Xbox_tracker,swh:1:rev:27645232e785e3f825cb67e03ee089491a9bea3d,refs/heads/master,swh:1:snp:4d2d28eb9929388858ea3cf8b9505b6c0f97db18,./Haar/haarcascade_mcs_nose.xml,NotFound
https://github.com/lakehanne/Xbox_tracker,swh:1:rev:27645232e785e3f825cb67e03ee089491a9bea3d,refs/heads/master,swh:1:snp:4d2d28eb9929388858ea3cf8b9505b6c0f97db18,./xbox_listener.cpp,NotFound
https://github.com/lakehanne/Xbox_tracker,swh:1:rev:27645232e785e3f825cb67e03ee089491a9bea3d,refs/heads/master,swh:1:snp:4d2d28eb9929388858ea3cf8b9505b6c0f97db18,./Haar/haarcascade_mcs_righteye.xml,NotFound
https://github.com/lakehanne/Xbox_tracker,swh:1:rev:27645232e785e3f825cb67e03ee089491a9bea3d,refs/heads/master,swh:1:snp:4d2d28eb9929388858ea3cf8b9505b6c0f97db18,./Haar/haarcascade_lowerbody.xml,NotFound
https://github.com/lakehanne/Xbox_tracker,swh:1:rev:27645232e785e3f825cb67e03ee089491a9bea3d,refs/heads/master,swh:1:snp:4d2d28eb9929388858ea3cf8b9505b6c0f97db18,./Haar/haarcascade_fullbody.xml,NotFound
https://github.com/lakehanne/Xbox_tracker,swh:1:rev:27645232e785e3f825cb67e03ee089491a9bea3d,refs/heads/master,swh:1:snp:4d2d28eb9929388858ea3cf8b9505b6c0f97db18,./Haar/haarcascade_mcs_lefteye.xml,NotFound
https://github.com/lakehanne/Xbox_tracker,swh:1:rev:27645232e785e3f825cb67e03ee089491a9bea3d,refs/heads/master,swh:1:snp:4d2d28eb9929388858ea3cf8b9505b6c0f97db18,./CMakeLists.txt,Modified
https://github.com/lakehanne/Xbox_tracker,swh:1:rev:27645232e785e3f825cb67e03ee089491a9bea3d,refs/heads/master,swh:1:snp:4d2d28eb9929388858ea3cf8b9505b6c0f97db18,./Haar/haarcascade_profileface.xml,NotFound
https://github.com/lakehanne/Xbox_tracker,swh:1:rev:27645232e785e3f825cb67e03ee089491a9bea3d,refs/heads/master,swh:1:snp:4d2d28eb9929388858ea3cf8b9505b6c0f97db18,./Haar/haarcascade_mcs_rightear.xml,NotFound
https://github.com/lakehanne/Xbox_tracker,swh:1:rev:27645232e785e3f825cb67e03ee089491a9bea3d,refs/heads/master,swh:1:snp:4d2d28eb9929388858ea3cf8b9505b6c0f97db18,./Haar/haarcascade_frontalface_default.xml,NotFound
https://github.com/lakehanne/Xbox_tracker,swh:1:rev:27645232e785e3f825cb67e03ee089491a9bea3d,refs/heads/master,swh:1:snp:4d2d28eb9929388858ea3cf8b9505b6c0f97db18,./Haar/haarcascade_lefteye_2splits.xml,NotFound
https://github.com/lakehanne/Xbox_tracker,swh:1:rev:27645232e785e3f825cb67e03ee089491a9bea3d,refs/heads/master,swh:1:snp:4d2d28eb9929388858ea3cf8b9505b6c0f97db18,./Haar/lbpcascade_frontalface.xml,NotFound
https://github.com/lakehanne/Xbox_tracker,swh:1:rev:27645232e785e3f825cb67e03ee089491a9bea3d,refs/heads/master,swh:1:snp:4d2d28eb9929388858ea3cf8b9505b6c0f97db18,./README.md,Modified
https://github.com/lakehanne/Xbox_tracker,swh:1:rev:27645232e785e3f825cb67e03ee089491a9bea3d,refs/heads/master,swh:1:snp:4d2d28eb9929388858ea3cf8b9505b6c0f97db18,./xbox_tracker.cpp,NotFound
https://github.com/lakehanne/Xbox_tracker,swh:1:rev:27645232e785e3f825cb67e03ee089491a9bea3d,refs/heads/master,swh:1:snp:4d2d28eb9929388858ea3cf8b9505b6c0f97db18,./Haar/haarcascade_mcs_mouth.xml,NotFound
https://github.com/popchork/hello-world,swh:1:rev:7590eee28cd6634765ccc1e76e8c0bbc38648e9a,HEAD,swh:1:snp:76949a59cdd1fe04058dcfa7a0157216f6e9b629,./README.md,Modified
https://github.com/popchork/hello-world,swh:1:rev:7590eee28cd6634765ccc1e76e8c0bbc38648e9a,refs/pull/1/head,swh:1:snp:76949a59cdd1fe04058dcfa7a0157216f6e9b629,./README.md,Modified
https://github.com/popchork/hello-world,swh:1:rev:7590eee28cd6634765ccc1e76e8c0bbc38648e9a,refs/heads/master,swh:1:snp:76949a59cdd1fe04058dcfa7a0157216f6e9b629,./README.md,Modified
https://github.com/rwu823/raf-pause,swh:1:rev:3790f24a6071574526594155a4a53ea8e17863b2,refs/heads/renovate/configure,swh:1:snp:c1c5051fd103e3b6d86094c7e1de4c47304876fa,./renovate.json,Modified
https://github.com/rwu823/raf-pause,swh:1:rev:3790f24a6071574526594155a4a53ea8e17863b2,refs/pull/1/head,swh:1:snp:c1c5051fd103e3b6d86094c7e1de4c47304876fa,./renovate.json,Modified
https://github.com/Ufnei/Ufnei.github.io,swh:1:rev:39c9ec478f85d7fcefb43d854a9ffb998004cf97,refs/heads/master,swh:1:snp:bfe95085c21459c5a9e10bd0aa41985fdfd2e17f,./README.md,Modified
https://github.com/Ufnei/Ufnei.github.io,swh:1:rev:39c9ec478f85d7fcefb43d854a9ffb998004cf97,HEAD,swh:1:snp:bfe95085c21459c5a9e10bd0aa41985fdfd2e17f,./README.md,Modified
https://github.com/DOJ85/weather,swh:1:rev:3b25678344d6fb39217de06cf4a8d0f7344717b6,HEAD,swh:1:snp:58d33713c037cc7872e49a8479fe0e318376150a,./README.md,Modified
https://github.com/DOJ85/weather,swh:1:rev:3b25678344d6fb39217de06cf4a8d0f7344717b6,refs/heads/master,swh:1:snp:58d33713c037cc7872e49a8479fe0e318376150a,./README.md,Modified
https://github.com/tiagoben/formatar-ofx,swh:1:rev:f8a5aebb3affde72702f3ba33bab6087d9586da7,refs/heads/dependabot/npm_and_yarn/yargs-parser-13.1.2,swh:1:snp:9225ea4047d52d494bdff1f3f1d10381aa1b9c4c,./yarn.lock,Modified
https://github.com/tiagoben/formatar-ofx,swh:1:rev:f8a5aebb3affde72702f3ba33bab6087d9586da7,refs/pull/1/head,swh:1:snp:9225ea4047d52d494bdff1f3f1d10381aa1b9c4c,./yarn.lock,Modified
https://github.com/rwu823/raf-pause,swh:1:rev:db2e4666e307812d55ed80fefaacc545e05548f2,refs/heads/renovate/configure,swh:1:snp:e332dc8570789905dc55e2a9c08f0ca92266a32a,./renovate.json,Modified
https://github.com/rwu823/raf-pause,swh:1:rev:db2e4666e307812d55ed80fefaacc545e05548f2,refs/pull/1/head,swh:1:snp:e332dc8570789905dc55e2a9c08f0ca92266a32a,./renovate.json,Modified
https://github.com/shashankp/spin,swh:1:rev:11618192317c53d9f5c822329f7f15b6983b98ca,refs/heads/master,swh:1:snp:0585754b61153b163f7ed7940beb32256f3486bb,./LICENSE,NotFound
https://github.com/shashankp/spin,swh:1:rev:11618192317c53d9f5c822329f7f15b6983b98ca,refs/heads/master,swh:1:snp:0585754b61153b163f7ed7940beb32256f3486bb,./README.md,Modified
https://github.com/MathlinSarorai/Securin,swh:1:rev:ef8a959aa7486d168f98cbff021dae54dd88a8b7,refs/heads/main,swh:1:snp:de12a412652bb6ef557fcd11bff9940f050f617c,./README.md,Modified
https://github.com/mcansh/justinthe.ninja,swh:1:rev:8cae432b92b28a971e2d6e293b848454b33320ce,refs/heads/gh-pages,swh:1:snp:ffb8e531c60a27fa5874313438666d0099b6574f,./css/style.sass,Modified
https://github.com/mcansh/justinthe.ninja,swh:1:rev:8cae432b92b28a971e2d6e293b848454b33320ce,refs/heads/gh-pages,swh:1:snp:ffb8e531c60a27fa5874313438666d0099b6574f,./.gitignore,Modified
https://github.com/mcansh/justinthe.ninja,swh:1:rev:8cae432b92b28a971e2d6e293b848454b33320ce,refs/heads/gh-pages,swh:1:snp:ffb8e531c60a27fa5874313438666d0099b6574f,./index.mkd,NotFound
https://github.com/mcansh/justinthe.ninja,swh:1:rev:8cae432b92b28a971e2d6e293b848454b33320ce,refs/heads/gh-pages,swh:1:snp:ffb8e531c60a27fa5874313438666d0099b6574f,./_config.yml,NotFound
https://github.com/mcansh/justinthe.ninja,swh:1:rev:8cae432b92b28a971e2d6e293b848454b33320ce,refs/heads/gh-pages,swh:1:snp:ffb8e531c60a27fa5874313438666d0099b6574f,./css/style.css,Modified
https://github.com/mcansh/justinthe.ninja,swh:1:rev:8cae432b92b28a971e2d6e293b848454b33320ce,refs/heads/gh-pages,swh:1:snp:ffb8e531c60a27fa5874313438666d0099b6574f,./index.jade,Modified
https://github.com/mcansh/justinthe.ninja,swh:1:rev:8cae432b92b28a971e2d6e293b848454b33320ce,refs/heads/gh-pages,swh:1:snp:ffb8e531c60a27fa5874313438666d0099b6574f,./index.html,Modified
https://github.com/mcansh/justinthe.ninja,swh:1:rev:8cae432b92b28a971e2d6e293b848454b33320ce,HEAD,swh:1:snp:ffb8e531c60a27fa5874313438666d0099b6574f,./.gitignore,Modified
https://github.com/mcansh/justinthe.ninja,swh:1:rev:8cae432b92b28a971e2d6e293b848454b33320ce,HEAD,swh:1:snp:ffb8e531c60a27fa5874313438666d0099b6574f,./index.jade,Modified
https://github.com/mcansh/justinthe.ninja,swh:1:rev:8cae432b92b28a971e2d6e293b848454b33320ce,HEAD,swh:1:snp:ffb8e531c60a27fa5874313438666d0099b6574f,./index.html,Modified
https://github.com/mcansh/justinthe.ninja,swh:1:rev:8cae432b92b28a971e2d6e293b848454b33320ce,HEAD,swh:1:snp:ffb8e531c60a27fa5874313438666d0099b6574f,./css/style.css,Modified
https://github.com/mcansh/justinthe.ninja,swh:1:rev:8cae432b92b28a971e2d6e293b848454b33320ce,HEAD,swh:1:snp:ffb8e531c60a27fa5874313438666d0099b6574f,./index.mkd,NotFound
https://github.com/mcansh/justinthe.ninja,swh:1:rev:8cae432b92b28a971e2d6e293b848454b33320ce,HEAD,swh:1:snp:ffb8e531c60a27fa5874313438666d0099b6574f,./_config.yml,NotFound
https://github.com/mcansh/justinthe.ninja,swh:1:rev:8cae432b92b28a971e2d6e293b848454b33320ce,HEAD,swh:1:snp:ffb8e531c60a27fa5874313438666d0099b6574f,./css/style.sass,Modified
https://github.com/lopezalcuadrado/AYPDSEI,swh:1:rev:8c69d3b43e8ed16218a142e7cd29d76010883408,refs/heads/main,swh:1:snp:90da07ea2fbe0d87affa56e987b9431bd8a92e06,./README.md,Modified
https://github.com/dansoap/packer-debian8,swh:1:rev:28d88dbb1a85a1383f1e56f643ee053726995068,HEAD,swh:1:snp:062ae2ec825a05bb8dcc4596c7c6a1d6e020648a,./README.md,Modified
https://github.com/dansoap/packer-debian8,swh:1:rev:28d88dbb1a85a1383f1e56f643ee053726995068,HEAD,swh:1:snp:062ae2ec825a05bb8dcc4596c7c6a1d6e020648a,./.gitignore,Modified
https://github.com/dansoap/packer-debian8,swh:1:rev:28d88dbb1a85a1383f1e56f643ee053726995068,HEAD,swh:1:snp:062ae2ec825a05bb8dcc4596c7c6a1d6e020648a,./scripts/virtualbox.sh,Modified
https://github.com/dansoap/packer-debian8,swh:1:rev:28d88dbb1a85a1383f1e56f643ee053726995068,HEAD,swh:1:snp:062ae2ec825a05bb8dcc4596c7c6a1d6e020648a,./scripts/base.sh,Modified
https://github.com/dansoap/packer-debian8,swh:1:rev:28d88dbb1a85a1383f1e56f643ee053726995068,HEAD,swh:1:snp:062ae2ec825a05bb8dcc4596c7c6a1d6e020648a,./Vagrantfile,Modified
https://github.com/dansoap/packer-debian8,swh:1:rev:28d88dbb1a85a1383f1e56f643ee053726995068,HEAD,swh:1:snp:062ae2ec825a05bb8dcc4596c7c6a1d6e020648a,./debian-8-jessie-virtualbox.json,Modified
https://github.com/dansoap/packer-debian8,swh:1:rev:28d88dbb1a85a1383f1e56f643ee053726995068,refs/heads/master,swh:1:snp:062ae2ec825a05bb8dcc4596c7c6a1d6e020648a,./.gitignore,Modified
https://github.com/dansoap/packer-debian8,swh:1:rev:28d88dbb1a85a1383f1e56f643ee053726995068,refs/heads/master,swh:1:snp:062ae2ec825a05bb8dcc4596c7c6a1d6e020648a,./debian-8-jessie-virtualbox.json,Modified
https://github.com/dansoap/packer-debian8,swh:1:rev:28d88dbb1a85a1383f1e56f643ee053726995068,refs/heads/master,swh:1:snp:062ae2ec825a05bb8dcc4596c7c6a1d6e020648a,./Vagrantfile,Modified
https://github.com/dansoap/packer-debian8,swh:1:rev:28d88dbb1a85a1383f1e56f643ee053726995068,refs/heads/master,swh:1:snp:062ae2ec825a05bb8dcc4596c7c6a1d6e020648a,./scripts/virtualbox.sh,Modified
https://github.com/dansoap/packer-debian8,swh:1:rev:28d88dbb1a85a1383f1e56f643ee053726995068,refs/heads/master,swh:1:snp:062ae2ec825a05bb8dcc4596c7c6a1d6e020648a,./scripts/base.sh,Modified
https://github.com/dansoap/packer-debian8,swh:1:rev:28d88dbb1a85a1383f1e56f643ee053726995068,refs/heads/master,swh:1:snp:062ae2ec825a05bb8dcc4596c7c6a1d6e020648a,./README.md,Modified
https://github.com/nspool/hello-coreanimation,swh:1:rev:16a526f38b5f3b16f5f9adc8d494e4dca8e1e9e4,HEAD,swh:1:snp:800f9b2f2959d9cd79f3d2ed5963add9442e9342,./LICENSE,NotFound
https://github.com/nspool/hello-coreanimation,swh:1:rev:16a526f38b5f3b16f5f9adc8d494e4dca8e1e9e4,refs/heads/master,swh:1:snp:800f9b2f2959d9cd79f3d2ed5963add9442e9342,./LICENSE,NotFound
https://github.com/jeffreyquan/meme-generator,swh:1:rev:d6a0aac5fd8c84ba9b09580bd45804ab158b9109,refs/heads/dependabot/npm_and_yarn/http-proxy-1.18.1,swh:1:snp:629182ee9dce412d5fc7b391c96cffbac5ebf7df,./package-lock.json,Modified
https://github.com/jeffreyquan/meme-generator,swh:1:rev:d6a0aac5fd8c84ba9b09580bd45804ab158b9109,refs/heads/dependabot/npm_and_yarn/http-proxy-1.18.1,swh:1:snp:629182ee9dce412d5fc7b391c96cffbac5ebf7df,./package.json,Modified
https://github.com/jeffreyquan/meme-generator,swh:1:rev:d6a0aac5fd8c84ba9b09580bd45804ab158b9109,refs/heads/dependabot/npm_and_yarn/http-proxy-1.18.1,swh:1:snp:629182ee9dce412d5fc7b391c96cffbac5ebf7df,./yarn.lock,Modified
https://github.com/jeffreyquan/meme-generator,swh:1:rev:d6a0aac5fd8c84ba9b09580bd45804ab158b9109,refs/pull/5/head,swh:1:snp:629182ee9dce412d5fc7b391c96cffbac5ebf7df,./package.json,Modified
https://github.com/jeffreyquan/meme-generator,swh:1:rev:d6a0aac5fd8c84ba9b09580bd45804ab158b9109,refs/pull/5/head,swh:1:snp:629182ee9dce412d5fc7b391c96cffbac5ebf7df,./package-lock.json,Modified
https://github.com/jeffreyquan/meme-generator,swh:1:rev:d6a0aac5fd8c84ba9b09580bd45804ab158b9109,refs/pull/5/head,swh:1:snp:629182ee9dce412d5fc7b391c96cffbac5ebf7df,./yarn.lock,Modified
https://github.com/jpvillaisaza/flame,swh:1:rev:6818bdce84a3661f179b0e708a3fe7e77ddffc0d,refs/heads/master,swh:1:snp:c5ea17df9aabd1407a8c1146190348d60ecb20cb,./flame.cabal,Modified
https://github.com/jpvillaisaza/flame,swh:1:rev:6818bdce84a3661f179b0e708a3fe7e77ddffc0d,refs/heads/master,swh:1:snp:c5ea17df9aabd1407a8c1146190348d60ecb20cb,./stack.yaml,Modified
https://github.com/jpvillaisaza/flame,swh:1:rev:6818bdce84a3661f179b0e708a3fe7e77ddffc0d,refs/heads/master,swh:1:snp:c5ea17df9aabd1407a8c1146190348d60ecb20cb,./Main.hs,Modified
https://github.com/hellosputnik/homework,swh:1:rev:731b37622e0ef0674867a80a8cc9213b16feb7ba,HEAD,swh:1:snp:5b1337626077840c4babed219261090b2514a53e,./slcsp/slcsp.py,Modified
https://github.com/hellosputnik/homework,swh:1:rev:731b37622e0ef0674867a80a8cc9213b16feb7ba,refs/heads/master,swh:1:snp:5b1337626077840c4babed219261090b2514a53e,./slcsp/slcsp.py,Modified
https://github.com/lgaticaq/example-graphql,swh:1:rev:1e0ca3142b975e584b8554177605a26a24e4cafd,refs/heads/renovate/eslint-5.x,swh:1:snp:fa6d02e6f524f6ce6a15096dbdf43697fcb53b48,./package-lock.json,Modified
https://github.com/lgaticaq/example-graphql,swh:1:rev:1e0ca3142b975e584b8554177605a26a24e4cafd,refs/heads/renovate/eslint-5.x,swh:1:snp:fa6d02e6f524f6ce6a15096dbdf43697fcb53b48,./package.json,Modified
https://github.com/lgaticaq/example-graphql,swh:1:rev:348d703bbfc752942b0c582fb3720a3e6f4be442,refs/pull/144/head,swh:1:snp:7602a95761909ed0d3e91c9ab8afaeec003b5a70,./package-lock.json,Modified
https://github.com/lgaticaq/example-graphql,swh:1:rev:348d703bbfc752942b0c582fb3720a3e6f4be442,refs/pull/144/head,swh:1:snp:7602a95761909ed0d3e91c9ab8afaeec003b5a70,./package.json,Modified
https://github.com/lgaticaq/example-graphql,swh:1:rev:593ff19b36932aa16cb987a4c65e0b99208ce84a,refs/heads/renovate/mongoose-5.x,swh:1:snp:1f18295b266c30aa2596360742e366d90bf755ce,./package-lock.json,Modified
https://github.com/lgaticaq/example-graphql,swh:1:rev:593ff19b36932aa16cb987a4c65e0b99208ce84a,refs/heads/renovate/mongoose-5.x,swh:1:snp:1f18295b266c30aa2596360742e366d90bf755ce,./package.json,Modified
https://github.com/lgaticaq/example-graphql,swh:1:rev:1e0ca3142b975e584b8554177605a26a24e4cafd,refs/pull/144/head,swh:1:snp:fa6d02e6f524f6ce6a15096dbdf43697fcb53b48,./package-lock.json,Modified
https://github.com/lgaticaq/example-graphql,swh:1:rev:1e0ca3142b975e584b8554177605a26a24e4cafd,refs/pull/144/head,swh:1:snp:fa6d02e6f524f6ce6a15096dbdf43697fcb53b48,./package.json,Modified
https://github.com/lgaticaq/example-graphql,swh:1:rev:8e5cc508d0265ee7f7b355561c1ea6acd7b48b5f,refs/heads/renovate/mongoose-5.x,swh:1:snp:d94072d8457957e257fc382753ae36a35af73115,./package.json,Modified
https://github.com/lgaticaq/example-graphql,swh:1:rev:8e5cc508d0265ee7f7b355561c1ea6acd7b48b5f,refs/heads/renovate/mongoose-5.x,swh:1:snp:d94072d8457957e257fc382753ae36a35af73115,./package-lock.json,Modified
https://github.com/lgaticaq/example-graphql,swh:1:rev:38eafc7b37f58e4fae78fe23c3a8a0cb5c42ddde,refs/pull/81/head,swh:1:snp:7602a95761909ed0d3e91c9ab8afaeec003b5a70,./package.json,Modified
https://github.com/lgaticaq/example-graphql,swh:1:rev:38eafc7b37f58e4fae78fe23c3a8a0cb5c42ddde,refs/pull/81/head,swh:1:snp:7602a95761909ed0d3e91c9ab8afaeec003b5a70,./package-lock.json,Modified
https://github.com/nabeliwo/prettier-eslint-stylelint-boilerplate,swh:1:rev:598de81aac8c2ffaaa71cd152c09cb5860e33266,refs/pull/28/head,swh:1:snp:103a713b8b91017dd00d512054455057f1658fa4,./yarn.lock,Modified
https://github.com/nabeliwo/prettier-eslint-stylelint-boilerplate,swh:1:rev:598de81aac8c2ffaaa71cd152c09cb5860e33266,refs/pull/28/head,swh:1:snp:103a713b8b91017dd00d512054455057f1658fa4,./package.json,Modified
https://github.com/lgaticaq/example-graphql,swh:1:rev:9d3566976af955d151c1a5defb82bd41158ad90d,refs/pull/81/head,swh:1:snp:717364c7ad97c37e9d13f77f0e07ca0aea521ac7,./package-lock.json,Modified
https://github.com/lgaticaq/example-graphql,swh:1:rev:9d3566976af955d151c1a5defb82bd41158ad90d,refs/pull/81/head,swh:1:snp:717364c7ad97c37e9d13f77f0e07ca0aea521ac7,./package.json,Modified
https://github.com/lgaticaq/example-graphql,swh:1:rev:3193943cbe52ec6b6c398f3528ed3c79e586a1ba,refs/pull/84/head,swh:1:snp:d94072d8457957e257fc382753ae36a35af73115,./package.json,Modified
https://github.com/lgaticaq/example-graphql,swh:1:rev:3193943cbe52ec6b6c398f3528ed3c79e586a1ba,refs/pull/84/head,swh:1:snp:d94072d8457957e257fc382753ae36a35af73115,./package-lock.json,Modified
https://github.com/lgaticaq/example-graphql,swh:1:rev:2dc2c1230d8e3b90650f0664f8364a4511fef735,refs/pull/144/head,swh:1:snp:717364c7ad97c37e9d13f77f0e07ca0aea521ac7,./package-lock.json,Modified
https://github.com/lgaticaq/example-graphql,swh:1:rev:2dc2c1230d8e3b90650f0664f8364a4511fef735,refs/pull/144/head,swh:1:snp:717364c7ad97c37e9d13f77f0e07ca0aea521ac7,./package.json,Modified
https://github.com/lgaticaq/example-graphql,swh:1:rev:3ce5be0b68c27e4191294ddc071a63a70af797ab,refs/pull/144/head,swh:1:snp:504a93c02f92c40573b71a0ab0c302cdc2aa653a,./package-lock.json,Modified
https://github.com/lgaticaq/example-graphql,swh:1:rev:3ce5be0b68c27e4191294ddc071a63a70af797ab,refs/pull/144/head,swh:1:snp:504a93c02f92c40573b71a0ab0c302cdc2aa653a,./package.json,Modified
https://github.com/lgaticaq/example-graphql,swh:1:rev:348d703bbfc752942b0c582fb3720a3e6f4be442,refs/heads/renovate/eslint-5.x,swh:1:snp:7602a95761909ed0d3e91c9ab8afaeec003b5a70,./package-lock.json,Modified
https://github.com/lgaticaq/example-graphql,swh:1:rev:348d703bbfc752942b0c582fb3720a3e6f4be442,refs/heads/renovate/eslint-5.x,swh:1:snp:7602a95761909ed0d3e91c9ab8afaeec003b5a70,./package.json,Modified
https://github.com/capic/ParkApiRest,swh:1:rev:a2d29396db51664060d32da293400d2ab6dc37c3,refs/heads/renovate/configure,swh:1:snp:ee5b40a7b98e51628765c0ed61d591edadf25d48,./renovate.json,Modified
https://github.com/capic/ParkApiRest,swh:1:rev:a2d29396db51664060d32da293400d2ab6dc37c3,refs/pull/1/head,swh:1:snp:ee5b40a7b98e51628765c0ed61d591edadf25d48,./renovate.json,Modified
https://github.com/lgaticaq/example-graphql,swh:1:rev:035bba7df08c96ec6eb94e5f0002b9da152564e4,refs/pull/81/head,swh:1:snp:fa6d02e6f524f6ce6a15096dbdf43697fcb53b48,./package-lock.json,Modified
https://github.com/lgaticaq/example-graphql,swh:1:rev:035bba7df08c96ec6eb94e5f0002b9da152564e4,refs/pull/81/head,swh:1:snp:fa6d02e6f524f6ce6a15096dbdf43697fcb53b48,./package.json,Modified
https://github.com/capic/ParkApiRest,swh:1:rev:e932cfb3a0ffb2cc96aa3989b22e36d2b3a88b24,refs/heads/renovate/configure,swh:1:snp:e6467beb9abd9408214eb1978c9d232f99019c6b,./renovate.json,Modified
https://github.com/capic/ParkApiRest,swh:1:rev:e932cfb3a0ffb2cc96aa3989b22e36d2b3a88b24,refs/pull/1/head,swh:1:snp:e6467beb9abd9408214eb1978c9d232f99019c6b,./renovate.json,Modified
https://github.com/lgaticaq/example-graphql,swh:1:rev:a969752807035da3996ed7097c57e48eb1330726,refs/pull/161/head,swh:1:snp:fa6d02e6f524f6ce6a15096dbdf43697fcb53b48,./package-lock.json,Modified
https://github.com/lgaticaq/example-graphql,swh:1:rev:a969752807035da3996ed7097c57e48eb1330726,refs/pull/161/head,swh:1:snp:fa6d02e6f524f6ce6a15096dbdf43697fcb53b48,./package.json,Modified
https://github.com/lgaticaq/example-graphql,swh:1:rev:9d3566976af955d151c1a5defb82bd41158ad90d,refs/heads/renovate/mongoose-5.x,swh:1:snp:717364c7ad97c37e9d13f77f0e07ca0aea521ac7,./package-lock.json,Modified
https://github.com/lgaticaq/example-graphql,swh:1:rev:9d3566976af955d151c1a5defb82bd41158ad90d,refs/heads/renovate/mongoose-5.x,swh:1:snp:717364c7ad97c37e9d13f77f0e07ca0aea521ac7,./package.json,Modified
https://github.com/lgaticaq/example-graphql,swh:1:rev:51b36cae1003a813293920a3382622a5b29e5c3a,refs/pull/154/head,swh:1:snp:fa6d02e6f524f6ce6a15096dbdf43697fcb53b48,./package.json,Modified
https://github.com/lgaticaq/example-graphql,swh:1:rev:51b36cae1003a813293920a3382622a5b29e5c3a,refs/pull/154/head,swh:1:snp:fa6d02e6f524f6ce6a15096dbdf43697fcb53b48,./package-lock.json,Modified
https://github.com/lgaticaq/example-graphql,swh:1:rev:593ff19b36932aa16cb987a4c65e0b99208ce84a,refs/pull/81/head,swh:1:snp:1f18295b266c30aa2596360742e366d90bf755ce,./package-lock.json,Modified
https://github.com/lgaticaq/example-graphql,swh:1:rev:593ff19b36932aa16cb987a4c65e0b99208ce84a,refs/pull/81/head,swh:1:snp:1f18295b266c30aa2596360742e366d90bf755ce,./package.json,Modified
https://github.com/lgaticaq/example-graphql,swh:1:rev:2dc2c1230d8e3b90650f0664f8364a4511fef735,refs/heads/renovate/eslint-5.x,swh:1:snp:717364c7ad97c37e9d13f77f0e07ca0aea521ac7,./package-lock.json,Modified
https://github.com/lgaticaq/example-graphql,swh:1:rev:2dc2c1230d8e3b90650f0664f8364a4511fef735,refs/heads/renovate/eslint-5.x,swh:1:snp:717364c7ad97c37e9d13f77f0e07ca0aea521ac7,./package.json,Modified
https://github.com/lgaticaq/example-graphql,swh:1:rev:a969752807035da3996ed7097c57e48eb1330726,refs/heads/renovate/graphql-14.x,swh:1:snp:fa6d02e6f524f6ce6a15096dbdf43697fcb53b48,./package.json,Modified
https://github.com/lgaticaq/example-graphql,swh:1:rev:a969752807035da3996ed7097c57e48eb1330726,refs/heads/renovate/graphql-14.x,swh:1:snp:fa6d02e6f524f6ce6a15096dbdf43697fcb53b48,./package-lock.json,Modified
https://github.com/lgaticaq/example-graphql,swh:1:rev:51b36cae1003a813293920a3382622a5b29e5c3a,refs/heads/renovate/eslint-plugin-promise-4.x,swh:1:snp:fa6d02e6f524f6ce6a15096dbdf43697fcb53b48,./package.json,Modified
https://github.com/lgaticaq/example-graphql,swh:1:rev:51b36cae1003a813293920a3382622a5b29e5c3a,refs/heads/renovate/eslint-plugin-promise-4.x,swh:1:snp:fa6d02e6f524f6ce6a15096dbdf43697fcb53b48,./package-lock.json,Modified
https://github.com/lgaticaq/example-graphql,swh:1:rev:035bba7df08c96ec6eb94e5f0002b9da152564e4,refs/heads/renovate/mongoose-5.x,swh:1:snp:fa6d02e6f524f6ce6a15096dbdf43697fcb53b48,./package-lock.json,Modified
https://github.com/lgaticaq/example-graphql,swh:1:rev:035bba7df08c96ec6eb94e5f0002b9da152564e4,refs/heads/renovate/mongoose-5.x,swh:1:snp:fa6d02e6f524f6ce6a15096dbdf43697fcb53b48,./package.json,Modified
https://github.com/lgaticaq/example-graphql,swh:1:rev:8e5cc508d0265ee7f7b355561c1ea6acd7b48b5f,refs/pull/81/head,swh:1:snp:d94072d8457957e257fc382753ae36a35af73115,./package-lock.json,Modified
https://github.com/lgaticaq/example-graphql,swh:1:rev:8e5cc508d0265ee7f7b355561c1ea6acd7b48b5f,refs/pull/81/head,swh:1:snp:d94072d8457957e257fc382753ae36a35af73115,./package.json,Modified
https://github.com/lgaticaq/example-graphql,swh:1:rev:3ce5be0b68c27e4191294ddc071a63a70af797ab,refs/heads/renovate/eslint-5.x,swh:1:snp:504a93c02f92c40573b71a0ab0c302cdc2aa653a,./package.json,Modified
https://github.com/lgaticaq/example-graphql,swh:1:rev:3ce5be0b68c27e4191294ddc071a63a70af797ab,refs/heads/renovate/eslint-5.x,swh:1:snp:504a93c02f92c40573b71a0ab0c302cdc2aa653a,./package-lock.json,Modified
https://github.com/lgaticaq/example-graphql,swh:1:rev:38eafc7b37f58e4fae78fe23c3a8a0cb5c42ddde,refs/heads/renovate/mongoose-5.x,swh:1:snp:7602a95761909ed0d3e91c9ab8afaeec003b5a70,./package.json,Modified
https://github.com/lgaticaq/example-graphql,swh:1:rev:38eafc7b37f58e4fae78fe23c3a8a0cb5c42ddde,refs/heads/renovate/mongoose-5.x,swh:1:snp:7602a95761909ed0d3e91c9ab8afaeec003b5a70,./package-lock.json,Modified
https://github.com/PocketCorporation/cooking-with-react,swh:1:rev:8f4ac8b016b2defaea1433c4ea5ff75eef0477c0,refs/heads/main,swh:1:snp:81068209fa20f3650b4a242d0a81c2e248f06749,./public/index.html,Modified
https://github.com/PocketCorporation/cooking-with-react,swh:1:rev:8f4ac8b016b2defaea1433c4ea5ff75eef0477c0,refs/heads/main,swh:1:snp:81068209fa20f3650b4a242d0a81c2e248f06749,./src/logo.svg,NotFound
https://github.com/PocketCorporation/cooking-with-react,swh:1:rev:8f4ac8b016b2defaea1433c4ea5ff75eef0477c0,refs/heads/main,swh:1:snp:81068209fa20f3650b4a242d0a81c2e248f06749,./src/App.css,NotFound
https://github.com/PocketCorporation/cooking-with-react,swh:1:rev:8f4ac8b016b2defaea1433c4ea5ff75eef0477c0,refs/heads/main,swh:1:snp:81068209fa20f3650b4a242d0a81c2e248f06749,./README.md,Modified
https://github.com/PocketCorporation/cooking-with-react,swh:1:rev:8f4ac8b016b2defaea1433c4ea5ff75eef0477c0,refs/heads/main,swh:1:snp:81068209fa20f3650b4a242d0a81c2e248f06749,./public/favicon.ico,NotFound
https://github.com/PocketCorporation/cooking-with-react,swh:1:rev:8f4ac8b016b2defaea1433c4ea5ff75eef0477c0,refs/heads/main,swh:1:snp:81068209fa20f3650b4a242d0a81c2e248f06749,./src/index.css,NotFound
https://github.com/PocketCorporation/cooking-with-react,swh:1:rev:8f4ac8b016b2defaea1433c4ea5ff75eef0477c0,refs/heads/main,swh:1:snp:81068209fa20f3650b4a242d0a81c2e248f06749,./src/App.test.js,NotFound
https://github.com/PocketCorporation/cooking-with-react,swh:1:rev:8f4ac8b016b2defaea1433c4ea5ff75eef0477c0,refs/heads/main,swh:1:snp:81068209fa20f3650b4a242d0a81c2e248f06749,./public/manifest.json,NotFound
https://github.com/PocketCorporation/cooking-with-react,swh:1:rev:8f4ac8b016b2defaea1433c4ea5ff75eef0477c0,refs/heads/main,swh:1:snp:81068209fa20f3650b4a242d0a81c2e248f06749,./public/robots.txt,NotFound
https://github.com/PocketCorporation/cooking-with-react,swh:1:rev:8f4ac8b016b2defaea1433c4ea5ff75eef0477c0,refs/heads/main,swh:1:snp:81068209fa20f3650b4a242d0a81c2e248f06749,./public/logo192.png,NotFound
https://github.com/PocketCorporation/cooking-with-react,swh:1:rev:8f4ac8b016b2defaea1433c4ea5ff75eef0477c0,refs/heads/main,swh:1:snp:81068209fa20f3650b4a242d0a81c2e248f06749,./public/logo512.png,NotFound
https://github.com/PocketCorporation/cooking-with-react,swh:1:rev:8f4ac8b016b2defaea1433c4ea5ff75eef0477c0,refs/heads/main,swh:1:snp:81068209fa20f3650b4a242d0a81c2e248f06749,./.gitignore,Modified
https://github.com/PocketCorporation/cooking-with-react,swh:1:rev:8f4ac8b016b2defaea1433c4ea5ff75eef0477c0,refs/heads/main,swh:1:snp:81068209fa20f3650b4a242d0a81c2e248f06749,./package-lock.json,Modified
https://github.com/PocketCorporation/cooking-with-react,swh:1:rev:8f4ac8b016b2defaea1433c4ea5ff75eef0477c0,refs/heads/main,swh:1:snp:81068209fa20f3650b4a242d0a81c2e248f06749,./src/index.js,Modified
https://github.com/PocketCorporation/cooking-with-react,swh:1:rev:8f4ac8b016b2defaea1433c4ea5ff75eef0477c0,refs/heads/main,swh:1:snp:81068209fa20f3650b4a242d0a81c2e248f06749,./package.json,Modified
https://github.com/PocketCorporation/cooking-with-react,swh:1:rev:8f4ac8b016b2defaea1433c4ea5ff75eef0477c0,refs/heads/main,swh:1:snp:81068209fa20f3650b4a242d0a81c2e248f06749,./src/App.js,NotFound
https://github.com/PocketCorporation/cooking-with-react,swh:1:rev:8f4ac8b016b2defaea1433c4ea5ff75eef0477c0,refs/heads/main,swh:1:snp:81068209fa20f3650b4a242d0a81c2e248f06749,./src/setupTests.js,NotFound
https://github.com/PocketCorporation/cooking-with-react,swh:1:rev:8f4ac8b016b2defaea1433c4ea5ff75eef0477c0,refs/heads/main,swh:1:snp:81068209fa20f3650b4a242d0a81c2e248f06749,./src/reportWebVitals.js,NotFound
https://github.com/MozillaSecurity/bugmon,swh:1:rev:e367ca6c18dbc77d6bdf0cb2aa4fe2d329a855d5,refs/pull/29/head,swh:1:snp:5e6a6921b38f45e5fd14080a96922cc1509f6951,./tests/test_bugmon.py,Modified
https://github.com/MozillaSecurity/bugmon,swh:1:rev:e367ca6c18dbc77d6bdf0cb2aa4fe2d329a855d5,refs/pull/29/head,swh:1:snp:5e6a6921b38f45e5fd14080a96922cc1509f6951,./bugmon/__init__.py,Modified
https://github.com/MozillaSecurity/bugmon,swh:1:rev:e367ca6c18dbc77d6bdf0cb2aa4fe2d329a855d5,refs/pull/29/head,swh:1:snp:5e6a6921b38f45e5fd14080a96922cc1509f6951,./bugmon/main.py,Modified
https://github.com/MozillaSecurity/bugmon,swh:1:rev:e367ca6c18dbc77d6bdf0cb2aa4fe2d329a855d5,refs/pull/29/head,swh:1:snp:5e6a6921b38f45e5fd14080a96922cc1509f6951,./bugmon/bugmon.py,Modified
https://github.com/MozillaSecurity/bugmon,swh:1:rev:e367ca6c18dbc77d6bdf0cb2aa4fe2d329a855d5,refs/pull/29/head,swh:1:snp:5e6a6921b38f45e5fd14080a96922cc1509f6951,./tests/conftest.py,Modified
https://github.com/MozillaSecurity/bugmon,swh:1:rev:e367ca6c18dbc77d6bdf0cb2aa4fe2d329a855d5,refs/pull/29/head,swh:1:snp:5e6a6921b38f45e5fd14080a96922cc1509f6951,./bugmon/utils.py,Modified
https://github.com/azizuysal/BTNavigationDropdownMenu,swh:1:rev:a7a2b9c0b4d7c6fb98947e07975f4d53dc8f48b8,refs/heads/swift-3.0,swh:1:snp:d155a4e14008e34f056183ee174609d292d76434,./BTNavigationDropdownMenu/BTNavigationDropdownMenu.xcodeproj/project.xcworkspace/contents.xcworkspacedata,NotFound
https://github.com/azizuysal/BTNavigationDropdownMenu,swh:1:rev:a7a2b9c0b4d7c6fb98947e07975f4d53dc8f48b8,refs/heads/swift-3.0,swh:1:snp:d155a4e14008e34f056183ee174609d292d76434,./BTNavigationDropdownMenu/BTNavigationDropdownMenu/BTNavigationDropdownMenu.h,NotFound
https://github.com/azizuysal/BTNavigationDropdownMenu,swh:1:rev:a7a2b9c0b4d7c6fb98947e07975f4d53dc8f48b8,refs/heads/swift-3.0,swh:1:snp:d155a4e14008e34f056183ee174609d292d76434,./BTNavigationDropdownMenu/BTNavigationDropdownMenu.xcodeproj/project.pbxproj,NotFound
https://github.com/azizuysal/BTNavigationDropdownMenu,swh:1:rev:a7a2b9c0b4d7c6fb98947e07975f4d53dc8f48b8,refs/heads/swift-3.0,swh:1:snp:d155a4e14008e34f056183ee174609d292d76434,./BTNavigationDropdownMenu/BTNavigationDropdownMenu.xcodeproj/xcshareddata/xcschemes/BTNavigationDropdownMenu.xcscheme,NotFound
https://github.com/azizuysal/BTNavigationDropdownMenu,swh:1:rev:a7a2b9c0b4d7c6fb98947e07975f4d53dc8f48b8,refs/heads/swift-3.0,swh:1:snp:d155a4e14008e34f056183ee174609d292d76434,./BTNavigationDropdownMenu/BTNavigationDropdownMenu/Info.plist,NotFound
https://github.com/azizuysal/BTNavigationDropdownMenu,swh:1:rev:a7a2b9c0b4d7c6fb98947e07975f4d53dc8f48b8,refs/heads/swift-3.0,swh:1:snp:d155a4e14008e34f056183ee174609d292d76434,./README.md,Modified
https://github.com/felix-zaslavskiy/lczero-test-worker,swh:1:rev:bf438d4949ef54ae5bc76a50ef6b5c60cdebef98,refs/pull/1/head,swh:1:snp:f5b024f7f83dcb7abf2c329cf8b712adcfd2f66a,./src/main/java/lczero/worker/DownloadUtility.java,Modified
https://github.com/goenning/typed-pg,swh:1:rev:7e7eda66bb3be9233047723fe0bae27207da7cc2,refs/pull/12/head,swh:1:snp:1ab78fc4def8843db4545ee23658dbefc090349e,./index.d.ts,Modified
https://github.com/bartlomiejzuber/use-open-window,swh:1:rev:939c4939b5183de45b633a3c6b832cc4f3cf1922,refs/heads/dependabot/npm_and_yarn/testing-library/react-12.0.0,swh:1:snp:4579c13e94ecef17e036a0edd8ccb75ad431fb9f,./yarn.lock,Modified
https://github.com/bartlomiejzuber/use-open-window,swh:1:rev:939c4939b5183de45b633a3c6b832cc4f3cf1922,refs/heads/dependabot/npm_and_yarn/testing-library/react-12.0.0,swh:1:snp:4579c13e94ecef17e036a0edd8ccb75ad431fb9f,./package.json,Modified
https://github.com/bartlomiejzuber/use-open-window,swh:1:rev:939c4939b5183de45b633a3c6b832cc4f3cf1922,refs/pull/194/head,swh:1:snp:4579c13e94ecef17e036a0edd8ccb75ad431fb9f,./package.json,Modified
https://github.com/bartlomiejzuber/use-open-window,swh:1:rev:939c4939b5183de45b633a3c6b832cc4f3cf1922,refs/pull/194/head,swh:1:snp:4579c13e94ecef17e036a0edd8ccb75ad431fb9f,./yarn.lock,Modified
https://github.com/ArtNazarov/magnetsdb,swh:1:rev:85b9db511b3ef93727055ab997cba4a91157fb08,refs/heads/master,swh:1:snp:6d63d22d382f4b4b264da2cc8637e788b2f2a10a,./magnets_entity.pas,Modified
https://github.com/ArtNazarov/magnetsdb,swh:1:rev:85b9db511b3ef93727055ab997cba4a91157fb08,HEAD,swh:1:snp:6d63d22d382f4b4b264da2cc8637e788b2f2a10a,./magnets_entity.pas,Modified
https://github.com/alexsicart/markbin,swh:1:rev:bf4240c221571d8f4c3b075c11090b548df7ead2,refs/heads/renovate/configure,swh:1:snp:0a8167b634a9bf935d3b2e1d2f9fd3f4085fd647,./renovate.json,Modified
https://github.com/alexsicart/markbin,swh:1:rev:7df1aef31222617a9efbb4e73ad06fc519549053,refs/pull/1/head,swh:1:snp:e87125707d7c3c9b8d0a45e2a788b548be3e5243,./renovate.json,Modified
https://github.com/alexsicart/markbin,swh:1:rev:7df1aef31222617a9efbb4e73ad06fc519549053,refs/heads/renovate/configure,swh:1:snp:e87125707d7c3c9b8d0a45e2a788b548be3e5243,./renovate.json,Modified
https://github.com/alexsicart/markbin,swh:1:rev:bf4240c221571d8f4c3b075c11090b548df7ead2,refs/pull/1/head,swh:1:snp:0a8167b634a9bf935d3b2e1d2f9fd3f4085fd647,./renovate.json,Modified
https://github.com/ruslrusl/Calculation,swh:1:rev:ef26a1e4bc4ce0acd5c51db59f9240ebe6f35af7,refs/heads/master,swh:1:snp:869855a9796685116a0072f5962e80f05b4d43de,./src/org/nppgks/KmhCalculation.java,Modified
https://github.com/ruslrusl/Calculation,swh:1:rev:ef26a1e4bc4ce0acd5c51db59f9240ebe6f35af7,refs/heads/master,swh:1:snp:869855a9796685116a0072f5962e80f05b4d43de,./src/org/nppgks/PoverkaMassomer.java,Modified
https://github.com/ruslrusl/Calculation,swh:1:rev:ef26a1e4bc4ce0acd5c51db59f9240ebe6f35af7,refs/heads/master,swh:1:snp:869855a9796685116a0072f5962e80f05b4d43de,./src/log4j.xml,Modified
https://github.com/ruslrusl/Calculation,swh:1:rev:ef26a1e4bc4ce0acd5c51db59f9240ebe6f35af7,refs/heads/master,swh:1:snp:869855a9796685116a0072f5962e80f05b4d43de,./src/org/nppgks/Calculation.java,Modified
https://github.com/ruslrusl/Calculation,swh:1:rev:ef26a1e4bc4ce0acd5c51db59f9240ebe6f35af7,refs/heads/master,swh:1:snp:869855a9796685116a0072f5962e80f05b4d43de,./src/org/nppgks/Constant.java,Modified
https://github.com/ruslrusl/Calculation,swh:1:rev:ef26a1e4bc4ce0acd5c51db59f9240ebe6f35af7,HEAD,swh:1:snp:869855a9796685116a0072f5962e80f05b4d43de,./src/org/nppgks/PoverkaMassomer.java,Modified
https://github.com/ruslrusl/Calculation,swh:1:rev:ef26a1e4bc4ce0acd5c51db59f9240ebe6f35af7,HEAD,swh:1:snp:869855a9796685116a0072f5962e80f05b4d43de,./src/org/nppgks/KmhCalculation.java,Modified
https://github.com/ruslrusl/Calculation,swh:1:rev:ef26a1e4bc4ce0acd5c51db59f9240ebe6f35af7,HEAD,swh:1:snp:869855a9796685116a0072f5962e80f05b4d43de,./src/log4j.xml,Modified
https://github.com/ruslrusl/Calculation,swh:1:rev:ef26a1e4bc4ce0acd5c51db59f9240ebe6f35af7,HEAD,swh:1:snp:869855a9796685116a0072f5962e80f05b4d43de,./src/org/nppgks/Constant.java,Modified
https://github.com/ruslrusl/Calculation,swh:1:rev:ef26a1e4bc4ce0acd5c51db59f9240ebe6f35af7,HEAD,swh:1:snp:869855a9796685116a0072f5962e80f05b4d43de,./src/org/nppgks/Calculation.java,Modified
https://github.com/MozillaSecurity/bugmon,swh:1:rev:8e932e95bbbe140e7c84678f657e86d426b1212f,refs/heads/dependabot/pip/cryptography-41.0.0,swh:1:snp:de54255de120428308fd8075114987657caa872b,./pyproject.toml,Modified
https://github.com/MozillaSecurity/bugmon,swh:1:rev:8e932e95bbbe140e7c84678f657e86d426b1212f,refs/heads/dependabot/pip/cryptography-41.0.0,swh:1:snp:de54255de120428308fd8075114987657caa872b,./poetry.lock,Modified
https://github.com/MozillaSecurity/bugmon,swh:1:rev:8e932e95bbbe140e7c84678f657e86d426b1212f,refs/pull/40/head,swh:1:snp:de54255de120428308fd8075114987657caa872b,./poetry.lock,Modified
https://github.com/MozillaSecurity/bugmon,swh:1:rev:8e932e95bbbe140e7c84678f657e86d426b1212f,refs/pull/40/head,swh:1:snp:de54255de120428308fd8075114987657caa872b,./pyproject.toml,Modified
https://github.com/bartlomiejzuber/use-open-window,swh:1:rev:3b88431b7b257a159e9eaad78afdc50f2364978d,refs/pull/254/head,swh:1:snp:b4a3d0293468236205b8c90545838ba7b60260f4,./package.json,Modified
https://github.com/bartlomiejzuber/use-open-window,swh:1:rev:3b88431b7b257a159e9eaad78afdc50f2364978d,refs/pull/254/head,swh:1:snp:b4a3d0293468236205b8c90545838ba7b60260f4,./yarn.lock,Modified
https://github.com/bartlomiejzuber/use-open-window,swh:1:rev:2fc38f8e85e09a962e8a9fc12c59f9e1735bc780,refs/pull/247/head,swh:1:snp:085c380a2b6b806427c2f12f26c739afcf916a0a,./yarn.lock,Modified
https://github.com/nabeliwo/prettier-eslint-stylelint-boilerplate,swh:1:rev:2e20ff4b14d1f62252741bbb912402933412d9aa,refs/heads/renovate/node-12.x,swh:1:snp:103a713b8b91017dd00d512054455057f1658fa4,./.node-version,Modified
https://github.com/nabeliwo/prettier-eslint-stylelint-boilerplate,swh:1:rev:a63efdca1bc4c0bd0a1ac4c3a6105664f5557caa,refs/pull/19/head,swh:1:snp:103a713b8b91017dd00d512054455057f1658fa4,./yarn.lock,Modified
https://github.com/nabeliwo/prettier-eslint-stylelint-boilerplate,swh:1:rev:a63efdca1bc4c0bd0a1ac4c3a6105664f5557caa,refs/pull/19/head,swh:1:snp:103a713b8b91017dd00d512054455057f1658fa4,./package.json,Modified
https://github.com/nabeliwo/prettier-eslint-stylelint-boilerplate,swh:1:rev:6a8de8597961353ef25e63cacb214b9d52dddc49,refs/heads/renovate/node-12.x,swh:1:snp:875d3c9b54baea8b4b815aa3097e47c5bc1e599a,./.node-version,Modified
https://github.com/bartlomiejzuber/use-open-window,swh:1:rev:eb7ed01ebbfaa5907d6e0f73b9dd68817ab4389f,refs/pull/294/head,swh:1:snp:31285df9848a7d6211f81ed084e271c73bc7bdb8,./yarn.lock,Modified
https://github.com/bartlomiejzuber/use-open-window,swh:1:rev:eb7ed01ebbfaa5907d6e0f73b9dd68817ab4389f,refs/pull/294/head,swh:1:snp:31285df9848a7d6211f81ed084e271c73bc7bdb8,./package.json,Modified
https://github.com/nabeliwo/prettier-eslint-stylelint-boilerplate,swh:1:rev:4a2a3940f689c053739d8c79de62f9629365dfa0,refs/pull/22/head,swh:1:snp:103a713b8b91017dd00d512054455057f1658fa4,./yarn.lock,Modified
https://github.com/nabeliwo/prettier-eslint-stylelint-boilerplate,swh:1:rev:4a2a3940f689c053739d8c79de62f9629365dfa0,refs/pull/22/head,swh:1:snp:103a713b8b91017dd00d512054455057f1658fa4,./package.json,Modified
https://github.com/nabeliwo/prettier-eslint-stylelint-boilerplate,swh:1:rev:7747b645f1147884c0f2930f993b05a2d4a01f1e,refs/pull/29/head,swh:1:snp:103a713b8b91017dd00d512054455057f1658fa4,./package.json,Modified
https://github.com/nabeliwo/prettier-eslint-stylelint-boilerplate,swh:1:rev:7747b645f1147884c0f2930f993b05a2d4a01f1e,refs/pull/29/head,swh:1:snp:103a713b8b91017dd00d512054455057f1658fa4,./yarn.lock,Modified
https://github.com/bartlomiejzuber/use-open-window,swh:1:rev:da4fd3d2fdf4556f10c51ef26f0596ec3795affd,refs/pull/120/head,swh:1:snp:1257d7090fe12f9e7f6cf151baa0a5541be37537,./yarn.lock,Modified
https://github.com/ssmith777/portfolio,swh:1:rev:39954bf4049a1f6c39574b39f609374da7ab47b7,refs/pull/2/head,swh:1:snp:1b65598c386946c6eff4e018d81a96abedc5eb7b,./package-lock.json,Modified
https://github.com/ssmith777/portfolio,swh:1:rev:39954bf4049a1f6c39574b39f609374da7ab47b7,refs/heads/dependabot/npm_and_yarn/node-sass-4.13.1,swh:1:snp:1b65598c386946c6eff4e018d81a96abedc5eb7b,./package-lock.json,Modified
https://github.com/nabeliwo/prettier-eslint-stylelint-boilerplate,swh:1:rev:e77720ca4a2e6a4db966ccc5986f3705b8a55416,refs/pull/17/head,swh:1:snp:103a713b8b91017dd00d512054455057f1658fa4,./yarn.lock,Modified
https://github.com/nabeliwo/prettier-eslint-stylelint-boilerplate,swh:1:rev:e77720ca4a2e6a4db966ccc5986f3705b8a55416,refs/pull/17/head,swh:1:snp:103a713b8b91017dd00d512054455057f1658fa4,./package.json,Modified
https://github.com/bartlomiejzuber/use-open-window,swh:1:rev:e0518d883a93315129203c8e5cd15094349eb5e1,refs/pull/126/head,swh:1:snp:1257d7090fe12f9e7f6cf151baa0a5541be37537,./yarn.lock,Modified
https://github.com/bartlomiejzuber/use-open-window,swh:1:rev:e0518d883a93315129203c8e5cd15094349eb5e1,refs/pull/126/head,swh:1:snp:1257d7090fe12f9e7f6cf151baa0a5541be37537,./package.json,Modified
https://github.com/nabeliwo/prettier-eslint-stylelint-boilerplate,swh:1:rev:75744ae79d52318daa7ea66f092b46a3230c4944,refs/pull/52/head,swh:1:snp:875d3c9b54baea8b4b815aa3097e47c5bc1e599a,./.node-version,Modified
https://github.com/nabeliwo/prettier-eslint-stylelint-boilerplate,swh:1:rev:a63efdca1bc4c0bd0a1ac4c3a6105664f5557caa,refs/heads/renovate/lint-staged-10.x,swh:1:snp:103a713b8b91017dd00d512054455057f1658fa4,./yarn.lock,Modified
https://github.com/nabeliwo/prettier-eslint-stylelint-boilerplate,swh:1:rev:a63efdca1bc4c0bd0a1ac4c3a6105664f5557caa,refs/heads/renovate/lint-staged-10.x,swh:1:snp:103a713b8b91017dd00d512054455057f1658fa4,./package.json,Modified
https://github.com/abhinoc/first_app,swh:1:rev:de183fc7d140c34fe8e77454a1abe692c3fa7c53,HEAD,swh:1:snp:71b685c7ca73cd458e9e1fb4fc6effc30a819106,./.gitignore,Modified
https://github.com/abhinoc/first_app,swh:1:rev:de183fc7d140c34fe8e77454a1abe692c3fa7c53,HEAD,swh:1:snp:71b685c7ca73cd458e9e1fb4fc6effc30a819106,./Gemfile,Modified
https://github.com/abhinoc/first_app,swh:1:rev:de183fc7d140c34fe8e77454a1abe692c3fa7c53,HEAD,swh:1:snp:71b685c7ca73cd458e9e1fb4fc6effc30a819106,./config/initializers/secret_token.rb,Modified
https://github.com/abhinoc/first_app,swh:1:rev:de183fc7d140c34fe8e77454a1abe692c3fa7c53,HEAD,swh:1:snp:71b685c7ca73cd458e9e1fb4fc6effc30a819106,./README.rdoc,NotFound
https://github.com/abhinoc/first_app,swh:1:rev:de183fc7d140c34fe8e77454a1abe692c3fa7c53,HEAD,swh:1:snp:71b685c7ca73cd458e9e1fb4fc6effc30a819106,./Gemfile.lock,Modified
https://github.com/abhinoc/first_app,swh:1:rev:de183fc7d140c34fe8e77454a1abe692c3fa7c53,refs/heads/master,swh:1:snp:71b685c7ca73cd458e9e1fb4fc6effc30a819106,./README.rdoc,NotFound
https://github.com/abhinoc/first_app,swh:1:rev:de183fc7d140c34fe8e77454a1abe692c3fa7c53,refs/heads/master,swh:1:snp:71b685c7ca73cd458e9e1fb4fc6effc30a819106,./Gemfile,Modified
https://github.com/abhinoc/first_app,swh:1:rev:de183fc7d140c34fe8e77454a1abe692c3fa7c53,refs/heads/master,swh:1:snp:71b685c7ca73cd458e9e1fb4fc6effc30a819106,./config/initializers/secret_token.rb,Modified
https://github.com/abhinoc/first_app,swh:1:rev:de183fc7d140c34fe8e77454a1abe692c3fa7c53,refs/heads/master,swh:1:snp:71b685c7ca73cd458e9e1fb4fc6effc30a819106,./.gitignore,Modified
https://github.com/abhinoc/first_app,swh:1:rev:de183fc7d140c34fe8e77454a1abe692c3fa7c53,refs/heads/master,swh:1:snp:71b685c7ca73cd458e9e1fb4fc6effc30a819106,./Gemfile.lock,Modified
https://github.com/nabeliwo/prettier-eslint-stylelint-boilerplate,swh:1:rev:976e61f307e9082572f079bf99c33f9ec8fa3da6,refs/heads/renovate/styled-components-5.x,swh:1:snp:103a713b8b91017dd00d512054455057f1658fa4,./yarn.lock,Modified
https://github.com/nabeliwo/prettier-eslint-stylelint-boilerplate,swh:1:rev:976e61f307e9082572f079bf99c33f9ec8fa3da6,refs/heads/renovate/styled-components-5.x,swh:1:snp:103a713b8b91017dd00d512054455057f1658fa4,./package.json,Modified
https://github.com/nabeliwo/prettier-eslint-stylelint-boilerplate,swh:1:rev:75744ae79d52318daa7ea66f092b46a3230c4944,refs/heads/renovate/node-14.x,swh:1:snp:875d3c9b54baea8b4b815aa3097e47c5bc1e599a,./.node-version,Modified
https://github.com/stphnnnn/design-studio-directory,swh:1:rev:46233148d1353fc53f08f643e0cfcdfa4597d44a,refs/heads/dependabot/npm_and_yarn/lodash-4.17.21,swh:1:snp:b906eb72b170235a07152faa2bcc176d25aa6e54,./yarn.lock,Modified
https://github.com/stphnnnn/design-studio-directory,swh:1:rev:46233148d1353fc53f08f643e0cfcdfa4597d44a,refs/heads/dependabot/npm_and_yarn/lodash-4.17.21,swh:1:snp:b906eb72b170235a07152faa2bcc176d25aa6e54,./pages/api/index.js,Modified
https://github.com/stphnnnn/design-studio-directory,swh:1:rev:46233148d1353fc53f08f643e0cfcdfa4597d44a,refs/heads/dependabot/npm_and_yarn/lodash-4.17.21,swh:1:snp:b906eb72b170235a07152faa2bcc176d25aa6e54,./package.json,Modified
https://github.com/stphnnnn/design-studio-directory,swh:1:rev:46233148d1353fc53f08f643e0cfcdfa4597d44a,refs/pull/8/head,swh:1:snp:b906eb72b170235a07152faa2bcc176d25aa6e54,./pages/api/index.js,Modified
https://github.com/stphnnnn/design-studio-directory,swh:1:rev:46233148d1353fc53f08f643e0cfcdfa4597d44a,refs/pull/8/head,swh:1:snp:b906eb72b170235a07152faa2bcc176d25aa6e54,./yarn.lock,Modified
https://github.com/stphnnnn/design-studio-directory,swh:1:rev:46233148d1353fc53f08f643e0cfcdfa4597d44a,refs/pull/8/head,swh:1:snp:b906eb72b170235a07152faa2bcc176d25aa6e54,./package.json,Modified
https://github.com/stphnnnn/design-studio-directory,swh:1:rev:0e978f40af4885b664ed9b8848d1d0c877452498,refs/heads/dependabot/npm_and_yarn/next-11.1.0,swh:1:snp:b906eb72b170235a07152faa2bcc176d25aa6e54,./yarn.lock,Modified
https://github.com/stphnnnn/design-studio-directory,swh:1:rev:0e978f40af4885b664ed9b8848d1d0c877452498,refs/heads/dependabot/npm_and_yarn/next-11.1.0,swh:1:snp:b906eb72b170235a07152faa2bcc176d25aa6e54,./pages/api/index.js,Modified
https://github.com/stphnnnn/design-studio-directory,swh:1:rev:0e978f40af4885b664ed9b8848d1d0c877452498,refs/heads/dependabot/npm_and_yarn/next-11.1.0,swh:1:snp:b906eb72b170235a07152faa2bcc176d25aa6e54,./package.json,Modified
https://github.com/stphnnnn/design-studio-directory,swh:1:rev:0e978f40af4885b664ed9b8848d1d0c877452498,refs/pull/10/head,swh:1:snp:b906eb72b170235a07152faa2bcc176d25aa6e54,./package.json,Modified
https://github.com/stphnnnn/design-studio-directory,swh:1:rev:0e978f40af4885b664ed9b8848d1d0c877452498,refs/pull/10/head,swh:1:snp:b906eb72b170235a07152faa2bcc176d25aa6e54,./pages/api/index.js,Modified
https://github.com/stphnnnn/design-studio-directory,swh:1:rev:0e978f40af4885b664ed9b8848d1d0c877452498,refs/pull/10/head,swh:1:snp:b906eb72b170235a07152faa2bcc176d25aa6e54,./yarn.lock,Modified
https://github.com/JanusStudios/KillMeNow,swh:1:rev:2ec91b5de8a1d249fd5cfca11a4f20c6f64c9ad6,HEAD,swh:1:snp:1ccadf0199baf88ade7e9efd8aaba2fbb4ca3f45,./README.md,NotFound
https://github.com/JanusStudios/KillMeNow,swh:1:rev:2ec91b5de8a1d249fd5cfca11a4f20c6f64c9ad6,HEAD,swh:1:snp:1ccadf0199baf88ade7e9efd8aaba2fbb4ca3f45,./.gitignore,Modified
https://github.com/JanusStudios/KillMeNow,swh:1:rev:2ec91b5de8a1d249fd5cfca11a4f20c6f64c9ad6,HEAD,swh:1:snp:1ccadf0199baf88ade7e9efd8aaba2fbb4ca3f45,./LICENSE,Modified
https://github.com/Pritam-Raj/Pritam-Raj,swh:1:rev:9cafcff1b43fbfeb64d65bd12ceeeb537ea24a20,refs/heads/main,swh:1:snp:711e3d08df6eafc3eff11e377724df7270e8a6cc,./README.md,Modified
https://github.com/bartlomiejzuber/use-open-window,swh:1:rev:6c5ce8b486463739db29d6360c555f0d5297f27d,refs/pull/224/head,swh:1:snp:34e7633876967676ff4369758ef17990cb3be86b,./README.md,Modified
https://github.com/bartlomiejzuber/use-open-window,swh:1:rev:6c5ce8b486463739db29d6360c555f0d5297f27d,refs/pull/224/head,swh:1:snp:34e7633876967676ff4369758ef17990cb3be86b,./yarn.lock,Modified
https://github.com/bartlomiejzuber/use-open-window,swh:1:rev:4ef44824ac269a5c29c570b34e476c62cfe7a353,refs/pull/132/head,swh:1:snp:1257d7090fe12f9e7f6cf151baa0a5541be37537,./yarn.lock,Modified
https://github.com/bartlomiejzuber/use-open-window,swh:1:rev:4ef44824ac269a5c29c570b34e476c62cfe7a353,refs/pull/132/head,swh:1:snp:1257d7090fe12f9e7f6cf151baa0a5541be37537,./package.json,Modified
https://salsa.debian.org/emacsen-team/message-templ.git,swh:1:rev:874244e50c6b3f76b0c6dfb9ea68586d9a7c0098,refs/merge-requests/3/merge,swh:1:snp:b643e1856eff9ef5f56ed4b7ca0d2062e304d2fc,./debian/control,Modified
https://salsa.debian.org/emacsen-team/message-templ.git,swh:1:rev:874244e50c6b3f76b0c6dfb9ea68586d9a7c0098,refs/merge-requests/3/merge,swh:1:snp:b643e1856eff9ef5f56ed4b7ca0d2062e304d2fc,./debian/changelog,Modified
https://salsa.debian.org/emacsen-team/message-templ.git,swh:1:rev:874244e50c6b3f76b0c6dfb9ea68586d9a7c0098,refs/merge-requests/3/merge,swh:1:snp:b643e1856eff9ef5f56ed4b7ca0d2062e304d2fc,./debian/compat,NotFound
https://salsa.debian.org/emacsen-team/message-templ.git,swh:1:rev:874244e50c6b3f76b0c6dfb9ea68586d9a7c0098,refs/merge-requests/3/merge,swh:1:snp:b643e1856eff9ef5f56ed4b7ca0d2062e304d2fc,./debian/copyright,Modified
https://github.com/nabeliwo/prettier-eslint-stylelint-boilerplate,swh:1:rev:c0c08aa131e27ae011263cfee73539e425ef25fb,refs/pull/23/head,swh:1:snp:f98ea73f956188de8978b4598387515ac4510594,./.node-version,Modified
https://salsa.debian.org/emacsen-team/message-templ.git,swh:1:rev:874244e50c6b3f76b0c6dfb9ea68586d9a7c0098,refs/merge-requests/3/head,swh:1:snp:b643e1856eff9ef5f56ed4b7ca0d2062e304d2fc,./debian/compat,NotFound
https://salsa.debian.org/emacsen-team/message-templ.git,swh:1:rev:874244e50c6b3f76b0c6dfb9ea68586d9a7c0098,refs/merge-requests/3/head,swh:1:snp:b643e1856eff9ef5f56ed4b7ca0d2062e304d2fc,./debian/copyright,Modified
https://salsa.debian.org/emacsen-team/message-templ.git,swh:1:rev:874244e50c6b3f76b0c6dfb9ea68586d9a7c0098,refs/merge-requests/3/head,swh:1:snp:b643e1856eff9ef5f56ed4b7ca0d2062e304d2fc,./debian/control,Modified
https://salsa.debian.org/emacsen-team/message-templ.git,swh:1:rev:874244e50c6b3f76b0c6dfb9ea68586d9a7c0098,refs/merge-requests/3/head,swh:1:snp:b643e1856eff9ef5f56ed4b7ca0d2062e304d2fc,./debian/changelog,Modified
https://github.com/nabeliwo/prettier-eslint-stylelint-boilerplate,swh:1:rev:015844d66f5df689aaddaaf25b9c7b5fd97104ba,refs/heads/renovate/webpack-4.x,swh:1:snp:103a713b8b91017dd00d512054455057f1658fa4,./yarn.lock,Modified
https://github.com/nabeliwo/prettier-eslint-stylelint-boilerplate,swh:1:rev:015844d66f5df689aaddaaf25b9c7b5fd97104ba,refs/heads/renovate/webpack-4.x,swh:1:snp:103a713b8b91017dd00d512054455057f1658fa4,./package.json,Modified
https://github.com/nabeliwo/prettier-eslint-stylelint-boilerplate,swh:1:rev:598de81aac8c2ffaaa71cd152c09cb5860e33266,refs/heads/renovate/webpack-dev-server-3.x,swh:1:snp:103a713b8b91017dd00d512054455057f1658fa4,./yarn.lock,Modified
https://github.com/nabeliwo/prettier-eslint-stylelint-boilerplate,swh:1:rev:598de81aac8c2ffaaa71cd152c09cb5860e33266,refs/heads/renovate/webpack-dev-server-3.x,swh:1:snp:103a713b8b91017dd00d512054455057f1658fa4,./package.json,Modified
https://github.com/nabeliwo/prettier-eslint-stylelint-boilerplate,swh:1:rev:4a2a3940f689c053739d8c79de62f9629365dfa0,refs/heads/renovate/stylelint-13.x,swh:1:snp:103a713b8b91017dd00d512054455057f1658fa4,./yarn.lock,Modified
https://github.com/nabeliwo/prettier-eslint-stylelint-boilerplate,swh:1:rev:4a2a3940f689c053739d8c79de62f9629365dfa0,refs/heads/renovate/stylelint-13.x,swh:1:snp:103a713b8b91017dd00d512054455057f1658fa4,./package.json,Modified
https://github.com/nabeliwo/prettier-eslint-stylelint-boilerplate,swh:1:rev:c0c08aa131e27ae011263cfee73539e425ef25fb,refs/heads/renovate/node-12.x,swh:1:snp:f98ea73f956188de8978b4598387515ac4510594,./.node-version,Modified
https://github.com/nabeliwo/prettier-eslint-stylelint-boilerplate,swh:1:rev:6a8de8597961353ef25e63cacb214b9d52dddc49,refs/pull/23/head,swh:1:snp:875d3c9b54baea8b4b815aa3097e47c5bc1e599a,./.node-version,Modified
https://github.com/nabeliwo/prettier-eslint-stylelint-boilerplate,swh:1:rev:e77720ca4a2e6a4db966ccc5986f3705b8a55416,refs/heads/renovate/major-eslint-and-prettier,swh:1:snp:103a713b8b91017dd00d512054455057f1658fa4,./package.json,Modified
https://github.com/nabeliwo/prettier-eslint-stylelint-boilerplate,swh:1:rev:e77720ca4a2e6a4db966ccc5986f3705b8a55416,refs/heads/renovate/major-eslint-and-prettier,swh:1:snp:103a713b8b91017dd00d512054455057f1658fa4,./yarn.lock,Modified
https://github.com/nabeliwo/prettier-eslint-stylelint-boilerplate,swh:1:rev:7747b645f1147884c0f2930f993b05a2d4a01f1e,refs/heads/renovate/typescript-3.x,swh:1:snp:103a713b8b91017dd00d512054455057f1658fa4,./package.json,Modified
https://github.com/nabeliwo/prettier-eslint-stylelint-boilerplate,swh:1:rev:7747b645f1147884c0f2930f993b05a2d4a01f1e,refs/heads/renovate/typescript-3.x,swh:1:snp:103a713b8b91017dd00d512054455057f1658fa4,./yarn.lock,Modified
https://github.com/sunpy/sunkit-dem,swh:1:rev:4f1264677e49f44c16d96dc781896729d4e2853c,refs/pull/29/head,swh:1:snp:ce49100bebebb4f5da85d0b72a2060432e8d6265,./.pre-commit-config.yaml,Modified
https://github.com/vascoalmeida/arcade_website,swh:1:rev:687ed17d4f166ea466f1c414784aee9afd21da62,refs/heads/master,swh:1:snp:e4e4d64a0f41a19e23595fb54d5566f351931bac,./README.md,Modified
https://github.com/nabeliwo/prettier-eslint-stylelint-boilerplate,swh:1:rev:4ca49be9c260e756fe25ccff38b0fe77fe70ae60,refs/heads/renovate/node-12.x,swh:1:snp:b1452372f43fcd6c209868f4e4d072fe6073d072,./.node-version,Modified
https://github.com/nabeliwo/prettier-eslint-stylelint-boilerplate,swh:1:rev:2e20ff4b14d1f62252741bbb912402933412d9aa,refs/pull/23/head,swh:1:snp:103a713b8b91017dd00d512054455057f1658fa4,./.node-version,Modified
https://github.com/nabeliwo/prettier-eslint-stylelint-boilerplate,swh:1:rev:015844d66f5df689aaddaaf25b9c7b5fd97104ba,refs/pull/20/head,swh:1:snp:103a713b8b91017dd00d512054455057f1658fa4,./package.json,Modified
https://github.com/nabeliwo/prettier-eslint-stylelint-boilerplate,swh:1:rev:015844d66f5df689aaddaaf25b9c7b5fd97104ba,refs/pull/20/head,swh:1:snp:103a713b8b91017dd00d512054455057f1658fa4,./yarn.lock,Modified
https://github.com/nabeliwo/prettier-eslint-stylelint-boilerplate,swh:1:rev:4ca49be9c260e756fe25ccff38b0fe77fe70ae60,refs/pull/23/head,swh:1:snp:b1452372f43fcd6c209868f4e4d072fe6073d072,./.node-version,Modified
https://github.com/nabeliwo/prettier-eslint-stylelint-boilerplate,swh:1:rev:976e61f307e9082572f079bf99c33f9ec8fa3da6,refs/pull/25/head,swh:1:snp:103a713b8b91017dd00d512054455057f1658fa4,./package.json,Modified
https://github.com/nabeliwo/prettier-eslint-stylelint-boilerplate,swh:1:rev:976e61f307e9082572f079bf99c33f9ec8fa3da6,refs/pull/25/head,swh:1:snp:103a713b8b91017dd00d512054455057f1658fa4,./yarn.lock,Modified
https://github.com/nickcharlton/boxes,swh:1:rev:ed90fd7029e7fca92692eb6cc622cbd12d3168b2,refs/pull/30/head,swh:1:snp:10a2203904c967e6d73d864e599cfc078a87bb70,./templates/debian/jessie64.erb,Modified
https://github.com/nickcharlton/boxes,swh:1:rev:ed90fd7029e7fca92692eb6cc622cbd12d3168b2,refs/pull/30/head,swh:1:snp:10a2203904c967e6d73d864e599cfc078a87bb70,./scripts/ruby.sh,Modified
https://github.com/nickcharlton/boxes,swh:1:rev:ed90fd7029e7fca92692eb6cc622cbd12d3168b2,refs/pull/30/head,swh:1:snp:10a2203904c967e6d73d864e599cfc078a87bb70,./scripts/purge.sh,Modified
https://github.com/nickcharlton/boxes,swh:1:rev:ed90fd7029e7fca92692eb6cc622cbd12d3168b2,refs/pull/30/head,swh:1:snp:10a2203904c967e6d73d864e599cfc078a87bb70,./lib/boxes/version.rb,Modified
https://github.com/nickcharlton/boxes,swh:1:rev:ed90fd7029e7fca92692eb6cc622cbd12d3168b2,refs/pull/30/head,swh:1:snp:10a2203904c967e6d73d864e599cfc078a87bb70,./boxes.gemspec,Modified
https://github.com/nickcharlton/boxes,swh:1:rev:ed90fd7029e7fca92692eb6cc622cbd12d3168b2,refs/pull/30/head,swh:1:snp:10a2203904c967e6d73d864e599cfc078a87bb70,./scripts/postinstall.sh,Modified
https://github.com/nickcharlton/boxes,swh:1:rev:ed90fd7029e7fca92692eb6cc622cbd12d3168b2,refs/pull/30/head,swh:1:snp:10a2203904c967e6d73d864e599cfc078a87bb70,./scripts/ansible.sh,Modified
https://github.com/nickcharlton/boxes,swh:1:rev:ed90fd7029e7fca92692eb6cc622cbd12d3168b2,refs/pull/30/head,swh:1:snp:10a2203904c967e6d73d864e599cfc078a87bb70,./CHANGELOG.md,Modified
https://github.com/sunpy/sunkit-dem,swh:1:rev:ec2b31d2bcfa1c639f57612aa55f7421f350b016,refs/heads/pre-commit-ci-update-config,swh:1:snp:1b1c5dfc002e3b6b3ebf27efff9d71e989700c80,./.pre-commit-config.yaml,Modified
https://git.launchpad.net/~kubuntu-packagers/kubuntu-packaging/+git/kio-gdrive,swh:1:rev:d2e222656979d331e22e59a6d65a17b5019a7e69,refs/heads/kubuntu_lunar_staging,swh:1:snp:cc366b515cc0224b1e3a7713a783b2a5815d37a7,./debian/changelog,Modified
https://git.launchpad.net/~kubuntu-packagers/kubuntu-packaging/+git/kio-gdrive,swh:1:rev:d2e222656979d331e22e59a6d65a17b5019a7e69,refs/heads/kubuntu_lunar_staging,swh:1:snp:cc366b515cc0224b1e3a7713a783b2a5815d37a7,./debian/control,Modified
https://git.launchpad.net/~kubuntu-packagers/kubuntu-packaging/+git/kio-gdrive,swh:1:rev:d2e222656979d331e22e59a6d65a17b5019a7e69,refs/heads/kubuntu_lunar_archive,swh:1:snp:cc366b515cc0224b1e3a7713a783b2a5815d37a7,./debian/control,Modified
https://git.launchpad.net/~kubuntu-packagers/kubuntu-packaging/+git/kio-gdrive,swh:1:rev:d2e222656979d331e22e59a6d65a17b5019a7e69,refs/heads/kubuntu_lunar_archive,swh:1:snp:cc366b515cc0224b1e3a7713a783b2a5815d37a7,./debian/changelog,Modified
https://github.com/Yawenina/yawenina.github.io,swh:1:rev:b50f3cca701231529d08692ee2f215f55888caa1,HEAD,swh:1:snp:2db394bf178e6f03a85260351bce889f8565153a,./ife/task05.html,NotFound
https://github.com/Yawenina/yawenina.github.io,swh:1:rev:b50f3cca701231529d08692ee2f215f55888caa1,HEAD,swh:1:snp:2db394bf178e6f03a85260351bce889f8565153a,./ife/images/vowel_r.png,NotFound
https://github.com/Yawenina/yawenina.github.io,swh:1:rev:b50f3cca701231529d08692ee2f215f55888caa1,HEAD,swh:1:snp:2db394bf178e6f03a85260351bce889f8565153a,./ife/images/.DS_Store,NotFound
https://github.com/Yawenina/yawenina.github.io,swh:1:rev:b50f3cca701231529d08692ee2f215f55888caa1,HEAD,swh:1:snp:2db394bf178e6f03a85260351bce889f8565153a,./ife/css/.DS_Store,NotFound
https://github.com/Yawenina/yawenina.github.io,swh:1:rev:b50f3cca701231529d08692ee2f215f55888caa1,HEAD,swh:1:snp:2db394bf178e6f03a85260351bce889f8565153a,./ife/images/task6_02.jpg,NotFound
https://github.com/Yawenina/yawenina.github.io,swh:1:rev:b50f3cca701231529d08692ee2f215f55888caa1,HEAD,swh:1:snp:2db394bf178e6f03a85260351bce889f8565153a,./ife/.idea/dictionaries/yawenina.xml,NotFound
https://github.com/Yawenina/yawenina.github.io,swh:1:rev:b50f3cca701231529d08692ee2f215f55888caa1,HEAD,swh:1:snp:2db394bf178e6f03a85260351bce889f8565153a,./ife/images/task_1_6_1.psd,NotFound
https://github.com/Yawenina/yawenina.github.io,swh:1:rev:b50f3cca701231529d08692ee2f215f55888caa1,HEAD,swh:1:snp:2db394bf178e6f03a85260351bce889f8565153a,./ife/images/task_1_7_1.psd,NotFound
https://github.com/Yawenina/yawenina.github.io,swh:1:rev:b50f3cca701231529d08692ee2f215f55888caa1,HEAD,swh:1:snp:2db394bf178e6f03a85260351bce889f8565153a,./ife/images/bg.jpeg,NotFound
https://github.com/Yawenina/yawenina.github.io,swh:1:rev:b50f3cca701231529d08692ee2f215f55888caa1,HEAD,swh:1:snp:2db394bf178e6f03a85260351bce889f8565153a,./ife/.idea/vcs.xml,NotFound
https://github.com/Yawenina/yawenina.github.io,swh:1:rev:b50f3cca701231529d08692ee2f215f55888caa1,HEAD,swh:1:snp:2db394bf178e6f03a85260351bce889f8565153a,./ife/css/task05.css,NotFound
https://github.com/Yawenina/yawenina.github.io,swh:1:rev:b50f3cca701231529d08692ee2f215f55888caa1,HEAD,swh:1:snp:2db394bf178e6f03a85260351bce889f8565153a,./ife/README.md,NotFound
https://github.com/Yawenina/yawenina.github.io,swh:1:rev:b50f3cca701231529d08692ee2f215f55888caa1,HEAD,swh:1:snp:2db394bf178e6f03a85260351bce889f8565153a,./ife/task03.html,NotFound
https://github.com/Yawenina/yawenina.github.io,swh:1:rev:b50f3cca701231529d08692ee2f215f55888caa1,HEAD,swh:1:snp:2db394bf178e6f03a85260351bce889f8565153a,./ife/.idea/workspace.xml,NotFound
https://github.com/Yawenina/yawenina.github.io,swh:1:rev:b50f3cca701231529d08692ee2f215f55888caa1,HEAD,swh:1:snp:2db394bf178e6f03a85260351bce889f8565153a,./ife/css/style.css,NotFound
https://github.com/Yawenina/yawenina.github.io,swh:1:rev:b50f3cca701231529d08692ee2f215f55888caa1,HEAD,swh:1:snp:2db394bf178e6f03a85260351bce889f8565153a,./ife/index.html,NotFound
https://github.com/Yawenina/yawenina.github.io,swh:1:rev:b50f3cca701231529d08692ee2f215f55888caa1,HEAD,swh:1:snp:2db394bf178e6f03a85260351bce889f8565153a,./ife/task06.html,NotFound
https://github.com/Yawenina/yawenina.github.io,swh:1:rev:b50f3cca701231529d08692ee2f215f55888caa1,HEAD,swh:1:snp:2db394bf178e6f03a85260351bce889f8565153a,./ife/images/vowel_l.png,NotFound
https://github.com/Yawenina/yawenina.github.io,swh:1:rev:b50f3cca701231529d08692ee2f215f55888caa1,HEAD,swh:1:snp:2db394bf178e6f03a85260351bce889f8565153a,./ife/.idea/.name,NotFound
https://github.com/Yawenina/yawenina.github.io,swh:1:rev:b50f3cca701231529d08692ee2f215f55888caa1,HEAD,swh:1:snp:2db394bf178e6f03a85260351bce889f8565153a,./ife/css/task06.css,NotFound
https://github.com/Yawenina/yawenina.github.io,swh:1:rev:b50f3cca701231529d08692ee2f215f55888caa1,HEAD,swh:1:snp:2db394bf178e6f03a85260351bce889f8565153a,./ife/images/banner_task06.jpg,NotFound
https://github.com/Yawenina/yawenina.github.io,swh:1:rev:b50f3cca701231529d08692ee2f215f55888caa1,HEAD,swh:1:snp:2db394bf178e6f03a85260351bce889f8565153a,./ife/.idea/modules.xml,NotFound
https://github.com/Yawenina/yawenina.github.io,swh:1:rev:b50f3cca701231529d08692ee2f215f55888caa1,HEAD,swh:1:snp:2db394bf178e6f03a85260351bce889f8565153a,./ife/.idea/ife.iml,NotFound
https://github.com/Yawenina/yawenina.github.io,swh:1:rev:b50f3cca701231529d08692ee2f215f55888caa1,HEAD,swh:1:snp:2db394bf178e6f03a85260351bce889f8565153a,./ife/css/task03.css,NotFound
https://github.com/Yawenina/yawenina.github.io,swh:1:rev:b50f3cca701231529d08692ee2f215f55888caa1,HEAD,swh:1:snp:2db394bf178e6f03a85260351bce889f8565153a,./ife/task04.html,NotFound
https://github.com/Yawenina/yawenina.github.io,swh:1:rev:b50f3cca701231529d08692ee2f215f55888caa1,HEAD,swh:1:snp:2db394bf178e6f03a85260351bce889f8565153a,./ife/images/task6_01.jpg,NotFound
https://github.com/Yawenina/yawenina.github.io,swh:1:rev:b50f3cca701231529d08692ee2f215f55888caa1,HEAD,swh:1:snp:2db394bf178e6f03a85260351bce889f8565153a,./ife/.idea/misc.xml,NotFound
https://github.com/Yawenina/yawenina.github.io,swh:1:rev:b50f3cca701231529d08692ee2f215f55888caa1,HEAD,swh:1:snp:2db394bf178e6f03a85260351bce889f8565153a,./ife/images/slider-1.jpg,NotFound
https://github.com/Yawenina/yawenina.github.io,swh:1:rev:b50f3cca701231529d08692ee2f215f55888caa1,HEAD,swh:1:snp:2db394bf178e6f03a85260351bce889f8565153a,./.DS_Store,NotFound
https://github.com/Yawenina/yawenina.github.io,swh:1:rev:b50f3cca701231529d08692ee2f215f55888caa1,HEAD,swh:1:snp:2db394bf178e6f03a85260351bce889f8565153a,./ife/.DS_Store,NotFound
https://github.com/Yawenina/yawenina.github.io,swh:1:rev:b50f3cca701231529d08692ee2f215f55888caa1,HEAD,swh:1:snp:2db394bf178e6f03a85260351bce889f8565153a,./ife/images/bg.jpg,NotFound
https://github.com/Yawenina/yawenina.github.io,swh:1:rev:b50f3cca701231529d08692ee2f215f55888caa1,HEAD,swh:1:snp:2db394bf178e6f03a85260351bce889f8565153a,./ife/test.html,NotFound
https://github.com/Yawenina/yawenina.github.io,swh:1:rev:b50f3cca701231529d08692ee2f215f55888caa1,HEAD,swh:1:snp:2db394bf178e6f03a85260351bce889f8565153a,./index.html,Modified
https://github.com/Yawenina/yawenina.github.io,swh:1:rev:b50f3cca701231529d08692ee2f215f55888caa1,HEAD,swh:1:snp:2db394bf178e6f03a85260351bce889f8565153a,./ife/images/logo.png,NotFound
https://github.com/Yawenina/yawenina.github.io,swh:1:rev:b50f3cca701231529d08692ee2f215f55888caa1,HEAD,swh:1:snp:2db394bf178e6f03a85260351bce889f8565153a,./ife/images/slider-1.png,NotFound
https://github.com/Yawenina/yawenina.github.io,swh:1:rev:b50f3cca701231529d08692ee2f215f55888caa1,refs/heads/master,swh:1:snp:2db394bf178e6f03a85260351bce889f8565153a,./ife/test.html,NotFound
https://github.com/Yawenina/yawenina.github.io,swh:1:rev:b50f3cca701231529d08692ee2f215f55888caa1,refs/heads/master,swh:1:snp:2db394bf178e6f03a85260351bce889f8565153a,./ife/css/task03.css,NotFound
https://github.com/Yawenina/yawenina.github.io,swh:1:rev:b50f3cca701231529d08692ee2f215f55888caa1,refs/heads/master,swh:1:snp:2db394bf178e6f03a85260351bce889f8565153a,./ife/.DS_Store,NotFound
https://github.com/Yawenina/yawenina.github.io,swh:1:rev:b50f3cca701231529d08692ee2f215f55888caa1,refs/heads/master,swh:1:snp:2db394bf178e6f03a85260351bce889f8565153a,./ife/images/slider-1.png,NotFound
https://github.com/Yawenina/yawenina.github.io,swh:1:rev:b50f3cca701231529d08692ee2f215f55888caa1,refs/heads/master,swh:1:snp:2db394bf178e6f03a85260351bce889f8565153a,./ife/css/task05.css,NotFound
https://github.com/Yawenina/yawenina.github.io,swh:1:rev:b50f3cca701231529d08692ee2f215f55888caa1,refs/heads/master,swh:1:snp:2db394bf178e6f03a85260351bce889f8565153a,./ife/index.html,NotFound
https://github.com/Yawenina/yawenina.github.io,swh:1:rev:b50f3cca701231529d08692ee2f215f55888caa1,refs/heads/master,swh:1:snp:2db394bf178e6f03a85260351bce889f8565153a,./ife/images/vowel_r.png,NotFound
https://github.com/Yawenina/yawenina.github.io,swh:1:rev:b50f3cca701231529d08692ee2f215f55888caa1,refs/heads/master,swh:1:snp:2db394bf178e6f03a85260351bce889f8565153a,./index.html,Modified
https://github.com/Yawenina/yawenina.github.io,swh:1:rev:b50f3cca701231529d08692ee2f215f55888caa1,refs/heads/master,swh:1:snp:2db394bf178e6f03a85260351bce889f8565153a,./ife/task05.html,NotFound
https://github.com/Yawenina/yawenina.github.io,swh:1:rev:b50f3cca701231529d08692ee2f215f55888caa1,refs/heads/master,swh:1:snp:2db394bf178e6f03a85260351bce889f8565153a,./ife/.idea/modules.xml,NotFound
https://github.com/Yawenina/yawenina.github.io,swh:1:rev:b50f3cca701231529d08692ee2f215f55888caa1,refs/heads/master,swh:1:snp:2db394bf178e6f03a85260351bce889f8565153a,./ife/images/logo.png,NotFound
https://github.com/Yawenina/yawenina.github.io,swh:1:rev:b50f3cca701231529d08692ee2f215f55888caa1,refs/heads/master,swh:1:snp:2db394bf178e6f03a85260351bce889f8565153a,./.DS_Store,NotFound
https://github.com/Yawenina/yawenina.github.io,swh:1:rev:b50f3cca701231529d08692ee2f215f55888caa1,refs/heads/master,swh:1:snp:2db394bf178e6f03a85260351bce889f8565153a,./ife/.idea/ife.iml,NotFound
https://github.com/Yawenina/yawenina.github.io,swh:1:rev:b50f3cca701231529d08692ee2f215f55888caa1,refs/heads/master,swh:1:snp:2db394bf178e6f03a85260351bce889f8565153a,./ife/images/.DS_Store,NotFound
https://github.com/Yawenina/yawenina.github.io,swh:1:rev:b50f3cca701231529d08692ee2f215f55888caa1,refs/heads/master,swh:1:snp:2db394bf178e6f03a85260351bce889f8565153a,./ife/task04.html,NotFound
https://github.com/Yawenina/yawenina.github.io,swh:1:rev:b50f3cca701231529d08692ee2f215f55888caa1,refs/heads/master,swh:1:snp:2db394bf178e6f03a85260351bce889f8565153a,./ife/README.md,NotFound
https://github.com/Yawenina/yawenina.github.io,swh:1:rev:b50f3cca701231529d08692ee2f215f55888caa1,refs/heads/master,swh:1:snp:2db394bf178e6f03a85260351bce889f8565153a,./ife/images/vowel_l.png,NotFound
https://github.com/Yawenina/yawenina.github.io,swh:1:rev:b50f3cca701231529d08692ee2f215f55888caa1,refs/heads/master,swh:1:snp:2db394bf178e6f03a85260351bce889f8565153a,./ife/images/bg.jpeg,NotFound
https://github.com/Yawenina/yawenina.github.io,swh:1:rev:b50f3cca701231529d08692ee2f215f55888caa1,refs/heads/master,swh:1:snp:2db394bf178e6f03a85260351bce889f8565153a,./ife/images/task_1_6_1.psd,NotFound
https://github.com/Yawenina/yawenina.github.io,swh:1:rev:b50f3cca701231529d08692ee2f215f55888caa1,refs/heads/master,swh:1:snp:2db394bf178e6f03a85260351bce889f8565153a,./ife/task06.html,NotFound
https://github.com/Yawenina/yawenina.github.io,swh:1:rev:b50f3cca701231529d08692ee2f215f55888caa1,refs/heads/master,swh:1:snp:2db394bf178e6f03a85260351bce889f8565153a,./ife/.idea/dictionaries/yawenina.xml,NotFound
https://github.com/Yawenina/yawenina.github.io,swh:1:rev:b50f3cca701231529d08692ee2f215f55888caa1,refs/heads/master,swh:1:snp:2db394bf178e6f03a85260351bce889f8565153a,./ife/images/banner_task06.jpg,NotFound
https://github.com/Yawenina/yawenina.github.io,swh:1:rev:b50f3cca701231529d08692ee2f215f55888caa1,refs/heads/master,swh:1:snp:2db394bf178e6f03a85260351bce889f8565153a,./ife/images/task6_01.jpg,NotFound
https://github.com/Yawenina/yawenina.github.io,swh:1:rev:b50f3cca701231529d08692ee2f215f55888caa1,refs/heads/master,swh:1:snp:2db394bf178e6f03a85260351bce889f8565153a,./ife/css/style.css,NotFound
https://github.com/Yawenina/yawenina.github.io,swh:1:rev:b50f3cca701231529d08692ee2f215f55888caa1,refs/heads/master,swh:1:snp:2db394bf178e6f03a85260351bce889f8565153a,./ife/images/slider-1.jpg,NotFound
https://github.com/Yawenina/yawenina.github.io,swh:1:rev:b50f3cca701231529d08692ee2f215f55888caa1,refs/heads/master,swh:1:snp:2db394bf178e6f03a85260351bce889f8565153a,./ife/css/.DS_Store,NotFound
https://github.com/Yawenina/yawenina.github.io,swh:1:rev:b50f3cca701231529d08692ee2f215f55888caa1,refs/heads/master,swh:1:snp:2db394bf178e6f03a85260351bce889f8565153a,./ife/images/task_1_7_1.psd,NotFound
https://github.com/Yawenina/yawenina.github.io,swh:1:rev:b50f3cca701231529d08692ee2f215f55888caa1,refs/heads/master,swh:1:snp:2db394bf178e6f03a85260351bce889f8565153a,./ife/.idea/vcs.xml,NotFound
https://github.com/Yawenina/yawenina.github.io,swh:1:rev:b50f3cca701231529d08692ee2f215f55888caa1,refs/heads/master,swh:1:snp:2db394bf178e6f03a85260351bce889f8565153a,./ife/.idea/misc.xml,NotFound
https://github.com/Yawenina/yawenina.github.io,swh:1:rev:b50f3cca701231529d08692ee2f215f55888caa1,refs/heads/master,swh:1:snp:2db394bf178e6f03a85260351bce889f8565153a,./ife/task03.html,NotFound
https://github.com/Yawenina/yawenina.github.io,swh:1:rev:b50f3cca701231529d08692ee2f215f55888caa1,refs/heads/master,swh:1:snp:2db394bf178e6f03a85260351bce889f8565153a,./ife/images/task6_02.jpg,NotFound
https://github.com/Yawenina/yawenina.github.io,swh:1:rev:b50f3cca701231529d08692ee2f215f55888caa1,refs/heads/master,swh:1:snp:2db394bf178e6f03a85260351bce889f8565153a,./ife/css/task06.css,NotFound
https://github.com/Yawenina/yawenina.github.io,swh:1:rev:b50f3cca701231529d08692ee2f215f55888caa1,refs/heads/master,swh:1:snp:2db394bf178e6f03a85260351bce889f8565153a,./ife/images/bg.jpg,NotFound
https://github.com/Yawenina/yawenina.github.io,swh:1:rev:b50f3cca701231529d08692ee2f215f55888caa1,refs/heads/master,swh:1:snp:2db394bf178e6f03a85260351bce889f8565153a,./ife/.idea/.name,NotFound
https://github.com/Yawenina/yawenina.github.io,swh:1:rev:b50f3cca701231529d08692ee2f215f55888caa1,refs/heads/master,swh:1:snp:2db394bf178e6f03a85260351bce889f8565153a,./ife/.idea/workspace.xml,NotFound
https://github.com/omniboard-dev/analyzer,swh:1:rev:227f9101d5899108fd790d6199a2ca45044a09bc,refs/heads/dependabot/npm_and_yarn/got-11.8.5,swh:1:snp:c620f122586a4b62921a267d7dd44f5df80a88d9,./package-lock.json,Modified
https://github.com/omniboard-dev/analyzer,swh:1:rev:227f9101d5899108fd790d6199a2ca45044a09bc,refs/heads/dependabot/npm_and_yarn/got-11.8.5,swh:1:snp:c620f122586a4b62921a267d7dd44f5df80a88d9,./lib/tasks/save-project-api.task.ts,Modified
https://github.com/omniboard-dev/analyzer,swh:1:rev:227f9101d5899108fd790d6199a2ca45044a09bc,refs/heads/dependabot/npm_and_yarn/got-11.8.5,swh:1:snp:c620f122586a4b62921a267d7dd44f5df80a88d9,./package.json,Modified
https://github.com/omniboard-dev/analyzer,swh:1:rev:227f9101d5899108fd790d6199a2ca45044a09bc,refs/heads/dependabot/npm_and_yarn/got-11.8.5,swh:1:snp:c620f122586a4b62921a267d7dd44f5df80a88d9,./lib/tasks/project-info.task.ts,Modified
https://github.com/omniboard-dev/analyzer,swh:1:rev:227f9101d5899108fd790d6199a2ca45044a09bc,refs/heads/dependabot/npm_and_yarn/got-11.8.5,swh:1:snp:c620f122586a4b62921a267d7dd44f5df80a88d9,./CHANGELOG.md,Modified
https://github.com/omniboard-dev/analyzer,swh:1:rev:227f9101d5899108fd790d6199a2ca45044a09bc,refs/pull/20/head,swh:1:snp:c620f122586a4b62921a267d7dd44f5df80a88d9,./lib/tasks/save-project-api.task.ts,Modified
https://github.com/omniboard-dev/analyzer,swh:1:rev:227f9101d5899108fd790d6199a2ca45044a09bc,refs/pull/20/head,swh:1:snp:c620f122586a4b62921a267d7dd44f5df80a88d9,./lib/tasks/project-info.task.ts,Modified
https://github.com/omniboard-dev/analyzer,swh:1:rev:227f9101d5899108fd790d6199a2ca45044a09bc,refs/pull/20/head,swh:1:snp:c620f122586a4b62921a267d7dd44f5df80a88d9,./package-lock.json,Modified
https://github.com/omniboard-dev/analyzer,swh:1:rev:227f9101d5899108fd790d6199a2ca45044a09bc,refs/pull/20/head,swh:1:snp:c620f122586a4b62921a267d7dd44f5df80a88d9,./CHANGELOG.md,Modified
https://github.com/omniboard-dev/analyzer,swh:1:rev:227f9101d5899108fd790d6199a2ca45044a09bc,refs/pull/20/head,swh:1:snp:c620f122586a4b62921a267d7dd44f5df80a88d9,./package.json,Modified
https://github.com/sunpy/sunkit-dem,swh:1:rev:23324220186e6d97194e87ef837bcc5cf02dfb05,refs/pull/29/head,swh:1:snp:7ef3bc4b386ea6a54d2defe942086d3fc9314518,./.pre-commit-config.yaml,Modified
https://github.com/sunpy/sunkit-dem,swh:1:rev:ec2b31d2bcfa1c639f57612aa55f7421f350b016,refs/pull/29/head,swh:1:snp:1b1c5dfc002e3b6b3ebf27efff9d71e989700c80,./.pre-commit-config.yaml,Modified
https://github.com/sunpy/sunkit-dem,swh:1:rev:139be778940b6638d8eb5fb3b2162792ece81f01,refs/heads/pre-commit-ci-update-config,swh:1:snp:ebb669727fa03b103e0e615e34256e51c924c096,./.pre-commit-config.yaml,Modified
https://github.com/sunpy/sunkit-dem,swh:1:rev:139be778940b6638d8eb5fb3b2162792ece81f01,refs/pull/29/head,swh:1:snp:ebb669727fa03b103e0e615e34256e51c924c096,./.pre-commit-config.yaml,Modified
https://github.com/sunpy/sunkit-dem,swh:1:rev:e9108b71e0a88b2bf65e65048f54987903225123,refs/heads/pre-commit-ci-update-config,swh:1:snp:0fed4ef29fef86b467dd332e9fcbe590812577e9,./.pre-commit-config.yaml,Modified
https://github.com/sunpy/sunkit-dem,swh:1:rev:e9108b71e0a88b2bf65e65048f54987903225123,refs/heads/pre-commit-ci-update-config,swh:1:snp:0fed4ef29fef86b467dd332e9fcbe590812577e9,./sunkit_dem/base_model.py,Modified
https://github.com/sunpy/sunkit-dem,swh:1:rev:e9108b71e0a88b2bf65e65048f54987903225123,refs/heads/pre-commit-ci-update-config,swh:1:snp:0fed4ef29fef86b467dd332e9fcbe590812577e9,./sunkit_dem/util.py,Modified
https://github.com/sunpy/sunkit-dem,swh:1:rev:ab6029cdb6247e2c3d98e7beb39ddfbe830510c1,refs/heads/pre-commit-ci-update-config,swh:1:snp:544f92f2b971fce2704a13e2bfef51309683da9c,./.pre-commit-config.yaml,Modified
https://github.com/ga-wdi-boston/js-array-methods,swh:1:rev:dbe4c2eb55da3accbefa5a3dd60f8f8fa40191da,refs/heads/solution,swh:1:snp:3bc429a0970f875916e731c4453ebdd7f10cabbc,./lib/example.js,NotFound
https://github.com/ga-wdi-boston/js-array-methods,swh:1:rev:dbe4c2eb55da3accbefa5a3dd60f8f8fa40191da,refs/heads/solution,swh:1:snp:3bc429a0970f875916e731c4453ebdd7f10cabbc,./spec/example.spec.js,NotFound
https://github.com/ga-wdi-boston/js-array-methods,swh:1:rev:dbe4c2eb55da3accbefa5a3dd60f8f8fa40191da,refs/heads/solution,swh:1:snp:3bc429a0970f875916e731c4453ebdd7f10cabbc,./spec/for-each.spec.js,Modified
https://github.com/ga-wdi-boston/js-array-methods,swh:1:rev:dbe4c2eb55da3accbefa5a3dd60f8f8fa40191da,refs/heads/solution,swh:1:snp:3bc429a0970f875916e731c4453ebdd7f10cabbc,./grunt/node-inspector.json,NotFound
https://github.com/ga-wdi-boston/js-array-methods,swh:1:rev:dbe4c2eb55da3accbefa5a3dd60f8f8fa40191da,refs/heads/solution,swh:1:snp:3bc429a0970f875916e731c4453ebdd7f10cabbc,./lib/reduce.js,Modified
https://github.com/ga-wdi-boston/js-array-methods,swh:1:rev:dbe4c2eb55da3accbefa5a3dd60f8f8fa40191da,refs/heads/solution,swh:1:snp:3bc429a0970f875916e731c4453ebdd7f10cabbc,./grunt/jasmine_nodejs.json,NotFound
https://github.com/ga-wdi-boston/js-array-methods,swh:1:rev:dbe4c2eb55da3accbefa5a3dd60f8f8fa40191da,refs/heads/solution,swh:1:snp:3bc429a0970f875916e731c4453ebdd7f10cabbc,./grunt/jscs.json,Modified
https://github.com/ga-wdi-boston/js-array-methods,swh:1:rev:dbe4c2eb55da3accbefa5a3dd60f8f8fa40191da,refs/heads/solution,swh:1:snp:3bc429a0970f875916e731c4453ebdd7f10cabbc,./grunt/jasmine.json,NotFound
https://github.com/ga-wdi-boston/js-array-methods,swh:1:rev:dbe4c2eb55da3accbefa5a3dd60f8f8fa40191da,refs/heads/solution,swh:1:snp:3bc429a0970f875916e731c4453ebdd7f10cabbc,./lib/every.js,Modified
https://github.com/ga-wdi-boston/js-array-methods,swh:1:rev:dbe4c2eb55da3accbefa5a3dd60f8f8fa40191da,refs/heads/solution,swh:1:snp:3bc429a0970f875916e731c4453ebdd7f10cabbc,./lib/for-each.js,Modified
https://github.com/ga-wdi-boston/js-array-methods,swh:1:rev:dbe4c2eb55da3accbefa5a3dd60f8f8fa40191da,refs/heads/solution,swh:1:snp:3bc429a0970f875916e731c4453ebdd7f10cabbc,./package.json,Modified
https://github.com/ga-wdi-boston/js-array-methods,swh:1:rev:dbe4c2eb55da3accbefa5a3dd60f8f8fa40191da,refs/heads/solution,swh:1:snp:3bc429a0970f875916e731c4453ebdd7f10cabbc,./lib/mutate.js,NotFound
https://github.com/ga-wdi-boston/js-array-methods,swh:1:rev:dbe4c2eb55da3accbefa5a3dd60f8f8fa40191da,refs/heads/solution,swh:1:snp:3bc429a0970f875916e731c4453ebdd7f10cabbc,./lib/map.js,Modified
https://github.com/ga-wdi-boston/js-array-methods,swh:1:rev:dbe4c2eb55da3accbefa5a3dd60f8f8fa40191da,refs/heads/solution,swh:1:snp:3bc429a0970f875916e731c4453ebdd7f10cabbc,./README.md,Modified
https://github.com/ga-wdi-boston/js-array-methods,swh:1:rev:dbe4c2eb55da3accbefa5a3dd60f8f8fa40191da,refs/heads/solution,swh:1:snp:3bc429a0970f875916e731c4453ebdd7f10cabbc,./bin/for-each.js,NotFound
https://github.com/shardulbee/dotfiles,swh:1:rev:51f4667ae3d1b608970734c1aaa39dacf6a365d0,refs/heads/main,swh:1:snp:a797c15b3306266e0c1eb747edb612983f589029,./darwin.nix,Modified
https://github.com/shardulbee/dotfiles,swh:1:rev:51f4667ae3d1b608970734c1aaa39dacf6a365d0,refs/heads/main,swh:1:snp:a797c15b3306266e0c1eb747edb612983f589029,./home.nix,NotFound
https://github.com/shardulbee/dotfiles,swh:1:rev:51f4667ae3d1b608970734c1aaa39dacf6a365d0,refs/heads/main,swh:1:snp:a797c15b3306266e0c1eb747edb612983f589029,./flake.nix,Modified
https://github.com/shardulbee/dotfiles,swh:1:rev:51f4667ae3d1b608970734c1aaa39dacf6a365d0,refs/heads/main,swh:1:snp:a797c15b3306266e0c1eb747edb612983f589029,./README.md,Modified
https://github.com/shardulbee/dotfiles,swh:1:rev:51f4667ae3d1b608970734c1aaa39dacf6a365d0,refs/heads/main,swh:1:snp:a797c15b3306266e0c1eb747edb612983f589029,./flake.lock,Modified
https://github.com/joeybeninghove/cloudswipe-api-docs,swh:1:rev:6f3f3b7d3707a6bf15903ee3d5358e80fe152a84,HEAD,swh:1:snp:938f10c234d14002b7792da5b91c5e82d837f0a7,./Vagrantfile,Modified
https://github.com/joeybeninghove/cloudswipe-api-docs,swh:1:rev:6f3f3b7d3707a6bf15903ee3d5358e80fe152a84,HEAD,swh:1:snp:938f10c234d14002b7792da5b91c5e82d837f0a7,./.github/PULL_REQUEST_TEMPLATE.md,Modified
https://github.com/joeybeninghove/cloudswipe-api-docs,swh:1:rev:6f3f3b7d3707a6bf15903ee3d5358e80fe152a84,HEAD,swh:1:snp:938f10c234d14002b7792da5b91c5e82d837f0a7,./CHANGELOG.md,Modified
https://github.com/joeybeninghove/cloudswipe-api-docs,swh:1:rev:6f3f3b7d3707a6bf15903ee3d5358e80fe152a84,HEAD,swh:1:snp:938f10c234d14002b7792da5b91c5e82d837f0a7,./source/javascripts/app/_lang.js,Modified
https://github.com/joeybeninghove/cloudswipe-api-docs,swh:1:rev:6f3f3b7d3707a6bf15903ee3d5358e80fe152a84,HEAD,swh:1:snp:938f10c234d14002b7792da5b91c5e82d837f0a7,./.travis.yml,Modified
https://github.com/joeybeninghove/cloudswipe-api-docs,swh:1:rev:6f3f3b7d3707a6bf15903ee3d5358e80fe152a84,HEAD,swh:1:snp:938f10c234d14002b7792da5b91c5e82d837f0a7,./Gemfile,Modified
https://github.com/joeybeninghove/cloudswipe-api-docs,swh:1:rev:6f3f3b7d3707a6bf15903ee3d5358e80fe152a84,HEAD,swh:1:snp:938f10c234d14002b7792da5b91c5e82d837f0a7,./config.rb,Modified
https://github.com/joeybeninghove/cloudswipe-api-docs,swh:1:rev:6f3f3b7d3707a6bf15903ee3d5358e80fe152a84,HEAD,swh:1:snp:938f10c234d14002b7792da5b91c5e82d837f0a7,./source/includes/_errors.md,Modified
https://github.com/joeybeninghove/cloudswipe-api-docs,swh:1:rev:6f3f3b7d3707a6bf15903ee3d5358e80fe152a84,HEAD,swh:1:snp:938f10c234d14002b7792da5b91c5e82d837f0a7,./README.md,Modified
https://github.com/joeybeninghove/cloudswipe-api-docs,swh:1:rev:6f3f3b7d3707a6bf15903ee3d5358e80fe152a84,HEAD,swh:1:snp:938f10c234d14002b7792da5b91c5e82d837f0a7,./source/stylesheets/screen.css.scss,Modified
https://github.com/joeybeninghove/cloudswipe-api-docs,swh:1:rev:6f3f3b7d3707a6bf15903ee3d5358e80fe152a84,HEAD,swh:1:snp:938f10c234d14002b7792da5b91c5e82d837f0a7,./Gemfile.lock,Modified
https://github.com/joeybeninghove/cloudswipe-api-docs,swh:1:rev:6f3f3b7d3707a6bf15903ee3d5358e80fe152a84,HEAD,swh:1:snp:938f10c234d14002b7792da5b91c5e82d837f0a7,./source/index.html.md,Modified
https://github.com/joeybeninghove/cloudswipe-api-docs,swh:1:rev:6f3f3b7d3707a6bf15903ee3d5358e80fe152a84,HEAD,swh:1:snp:938f10c234d14002b7792da5b91c5e82d837f0a7,./source/stylesheets/_variables.scss,Modified
https://github.com/joeybeninghove/cloudswipe-api-docs,swh:1:rev:6f3f3b7d3707a6bf15903ee3d5358e80fe152a84,HEAD,swh:1:snp:938f10c234d14002b7792da5b91c5e82d837f0a7,./deploy.sh,Modified
https://github.com/joeybeninghove/cloudswipe-api-docs,swh:1:rev:6f3f3b7d3707a6bf15903ee3d5358e80fe152a84,HEAD,swh:1:snp:938f10c234d14002b7792da5b91c5e82d837f0a7,./source/layouts/layout.erb,Modified
https://github.com/joeybeninghove/cloudswipe-api-docs,swh:1:rev:6f3f3b7d3707a6bf15903ee3d5358e80fe152a84,refs/heads/master,swh:1:snp:938f10c234d14002b7792da5b91c5e82d837f0a7,./source/stylesheets/_variables.scss,Modified
https://github.com/joeybeninghove/cloudswipe-api-docs,swh:1:rev:6f3f3b7d3707a6bf15903ee3d5358e80fe152a84,refs/heads/master,swh:1:snp:938f10c234d14002b7792da5b91c5e82d837f0a7,./deploy.sh,Modified
https://github.com/joeybeninghove/cloudswipe-api-docs,swh:1:rev:6f3f3b7d3707a6bf15903ee3d5358e80fe152a84,refs/heads/master,swh:1:snp:938f10c234d14002b7792da5b91c5e82d837f0a7,./config.rb,Modified
https://github.com/joeybeninghove/cloudswipe-api-docs,swh:1:rev:6f3f3b7d3707a6bf15903ee3d5358e80fe152a84,refs/heads/master,swh:1:snp:938f10c234d14002b7792da5b91c5e82d837f0a7,./CHANGELOG.md,Modified
https://github.com/joeybeninghove/cloudswipe-api-docs,swh:1:rev:6f3f3b7d3707a6bf15903ee3d5358e80fe152a84,refs/heads/master,swh:1:snp:938f10c234d14002b7792da5b91c5e82d837f0a7,./source/javascripts/app/_lang.js,Modified
https://github.com/joeybeninghove/cloudswipe-api-docs,swh:1:rev:6f3f3b7d3707a6bf15903ee3d5358e80fe152a84,refs/heads/master,swh:1:snp:938f10c234d14002b7792da5b91c5e82d837f0a7,./Vagrantfile,Modified
https://github.com/joeybeninghove/cloudswipe-api-docs,swh:1:rev:6f3f3b7d3707a6bf15903ee3d5358e80fe152a84,refs/heads/master,swh:1:snp:938f10c234d14002b7792da5b91c5e82d837f0a7,./source/index.html.md,Modified
https://github.com/joeybeninghove/cloudswipe-api-docs,swh:1:rev:6f3f3b7d3707a6bf15903ee3d5358e80fe152a84,refs/heads/master,swh:1:snp:938f10c234d14002b7792da5b91c5e82d837f0a7,./.travis.yml,Modified
https://github.com/joeybeninghove/cloudswipe-api-docs,swh:1:rev:6f3f3b7d3707a6bf15903ee3d5358e80fe152a84,refs/heads/master,swh:1:snp:938f10c234d14002b7792da5b91c5e82d837f0a7,./source/layouts/layout.erb,Modified
https://github.com/joeybeninghove/cloudswipe-api-docs,swh:1:rev:6f3f3b7d3707a6bf15903ee3d5358e80fe152a84,refs/heads/master,swh:1:snp:938f10c234d14002b7792da5b91c5e82d837f0a7,./.github/PULL_REQUEST_TEMPLATE.md,Modified
https://github.com/joeybeninghove/cloudswipe-api-docs,swh:1:rev:6f3f3b7d3707a6bf15903ee3d5358e80fe152a84,refs/heads/master,swh:1:snp:938f10c234d14002b7792da5b91c5e82d837f0a7,./source/stylesheets/screen.css.scss,Modified
https://github.com/joeybeninghove/cloudswipe-api-docs,swh:1:rev:6f3f3b7d3707a6bf15903ee3d5358e80fe152a84,refs/heads/master,swh:1:snp:938f10c234d14002b7792da5b91c5e82d837f0a7,./source/includes/_errors.md,Modified
https://github.com/joeybeninghove/cloudswipe-api-docs,swh:1:rev:6f3f3b7d3707a6bf15903ee3d5358e80fe152a84,refs/heads/master,swh:1:snp:938f10c234d14002b7792da5b91c5e82d837f0a7,./Gemfile.lock,Modified
https://github.com/joeybeninghove/cloudswipe-api-docs,swh:1:rev:6f3f3b7d3707a6bf15903ee3d5358e80fe152a84,refs/heads/master,swh:1:snp:938f10c234d14002b7792da5b91c5e82d837f0a7,./README.md,Modified
https://github.com/joeybeninghove/cloudswipe-api-docs,swh:1:rev:6f3f3b7d3707a6bf15903ee3d5358e80fe152a84,refs/heads/master,swh:1:snp:938f10c234d14002b7792da5b91c5e82d837f0a7,./Gemfile,Modified
https://github.com/sunpy/sunkit-dem,swh:1:rev:0b3f20aa114306b3eddfed61e0b7809ab43db788,refs/pull/28/head,swh:1:snp:61abb3f02a8c44a2475b8c7487f4ae5169e7a568,./setup.cfg,Modified
https://github.com/sunpy/sunkit-dem,swh:1:rev:0b3f20aa114306b3eddfed61e0b7809ab43db788,refs/pull/28/head,swh:1:snp:61abb3f02a8c44a2475b8c7487f4ae5169e7a568,./appveyor.yml,Modified
https://github.com/sunpy/sunkit-dem,swh:1:rev:0b3f20aa114306b3eddfed61e0b7809ab43db788,refs/pull/28/head,swh:1:snp:61abb3f02a8c44a2475b8c7487f4ae5169e7a568,./sunkit_dem/__init__.py,Modified
https://github.com/sunpy/sunkit-dem,swh:1:rev:0b3f20aa114306b3eddfed61e0b7809ab43db788,refs/pull/28/head,swh:1:snp:61abb3f02a8c44a2475b8c7487f4ae5169e7a568,./docs/_templates/autosummary/module.rst,Modified
https://github.com/sunpy/sunkit-dem,swh:1:rev:0b3f20aa114306b3eddfed61e0b7809ab43db788,refs/pull/28/head,swh:1:snp:61abb3f02a8c44a2475b8c7487f4ae5169e7a568,./docs/_templates/autosummary/base.rst,Modified
https://github.com/sunpy/sunkit-dem,swh:1:rev:0b3f20aa114306b3eddfed61e0b7809ab43db788,refs/pull/28/head,swh:1:snp:61abb3f02a8c44a2475b8c7487f4ae5169e7a568,./README.rst,Modified
https://github.com/sunpy/sunkit-dem,swh:1:rev:0b3f20aa114306b3eddfed61e0b7809ab43db788,refs/pull/28/head,swh:1:snp:61abb3f02a8c44a2475b8c7487f4ae5169e7a568,./sunkit_dem/tests/coveragerc,Modified
https://github.com/sunpy/sunkit-dem,swh:1:rev:0b3f20aa114306b3eddfed61e0b7809ab43db788,refs/pull/28/head,swh:1:snp:61abb3f02a8c44a2475b8c7487f4ae5169e7a568,./.sunpy-template.yml,Modified
https://github.com/sunpy/sunkit-dem,swh:1:rev:0b3f20aa114306b3eddfed61e0b7809ab43db788,refs/pull/28/head,swh:1:snp:61abb3f02a8c44a2475b8c7487f4ae5169e7a568,./docs/_templates/autosummary/class.rst,Modified
https://github.com/sunpy/sunkit-dem,swh:1:rev:0b3f20aa114306b3eddfed61e0b7809ab43db788,refs/pull/28/head,swh:1:snp:61abb3f02a8c44a2475b8c7487f4ae5169e7a568,./.travis.yml,Modified
https://github.com/sunpy/sunkit-dem,swh:1:rev:0b3f20aa114306b3eddfed61e0b7809ab43db788,refs/pull/28/head,swh:1:snp:61abb3f02a8c44a2475b8c7487f4ae5169e7a568,./.pre-commit-config.yaml,Modified
https://github.com/sunpy/sunkit-dem,swh:1:rev:ab6029cdb6247e2c3d98e7beb39ddfbe830510c1,refs/pull/29/head,swh:1:snp:544f92f2b971fce2704a13e2bfef51309683da9c,./.pre-commit-config.yaml,Modified
https://github.com/sunpy/sunkit-dem,swh:1:rev:90d4a7917ff5c8e5a3087e8b08547be8a8edd04d,refs/heads/pre-commit-ci-update-config,swh:1:snp:436fd1f559fc12a263ff846896fa89015c0d2273,./.pre-commit-config.yaml,Modified
https://github.com/sunpy/sunkit-dem,swh:1:rev:e9108b71e0a88b2bf65e65048f54987903225123,refs/pull/29/head,swh:1:snp:0fed4ef29fef86b467dd332e9fcbe590812577e9,./.pre-commit-config.yaml,Modified
https://github.com/sunpy/sunkit-dem,swh:1:rev:e9108b71e0a88b2bf65e65048f54987903225123,refs/pull/29/head,swh:1:snp:0fed4ef29fef86b467dd332e9fcbe590812577e9,./sunkit_dem/util.py,Modified
https://github.com/sunpy/sunkit-dem,swh:1:rev:e9108b71e0a88b2bf65e65048f54987903225123,refs/pull/29/head,swh:1:snp:0fed4ef29fef86b467dd332e9fcbe590812577e9,./sunkit_dem/base_model.py,Modified
https://github.com/sunpy/sunkit-dem,swh:1:rev:90d4a7917ff5c8e5a3087e8b08547be8a8edd04d,refs/pull/29/head,swh:1:snp:436fd1f559fc12a263ff846896fa89015c0d2273,./.pre-commit-config.yaml,Modified
https://github.com/sunpy/sunkit-dem,swh:1:rev:0b3f20aa114306b3eddfed61e0b7809ab43db788,refs/heads/pre-commit-ci-update-config,swh:1:snp:61abb3f02a8c44a2475b8c7487f4ae5169e7a568,./.sunpy-template.yml,Modified
https://github.com/sunpy/sunkit-dem,swh:1:rev:0b3f20aa114306b3eddfed61e0b7809ab43db788,refs/heads/pre-commit-ci-update-config,swh:1:snp:61abb3f02a8c44a2475b8c7487f4ae5169e7a568,./sunkit_dem/tests/coveragerc,Modified
https://github.com/sunpy/sunkit-dem,swh:1:rev:0b3f20aa114306b3eddfed61e0b7809ab43db788,refs/heads/pre-commit-ci-update-config,swh:1:snp:61abb3f02a8c44a2475b8c7487f4ae5169e7a568,./docs/_templates/autosummary/class.rst,Modified
https://github.com/sunpy/sunkit-dem,swh:1:rev:0b3f20aa114306b3eddfed61e0b7809ab43db788,refs/heads/pre-commit-ci-update-config,swh:1:snp:61abb3f02a8c44a2475b8c7487f4ae5169e7a568,./setup.cfg,Modified
https://github.com/sunpy/sunkit-dem,swh:1:rev:0b3f20aa114306b3eddfed61e0b7809ab43db788,refs/heads/pre-commit-ci-update-config,swh:1:snp:61abb3f02a8c44a2475b8c7487f4ae5169e7a568,./.travis.yml,Modified
https://github.com/sunpy/sunkit-dem,swh:1:rev:0b3f20aa114306b3eddfed61e0b7809ab43db788,refs/heads/pre-commit-ci-update-config,swh:1:snp:61abb3f02a8c44a2475b8c7487f4ae5169e7a568,./sunkit_dem/__init__.py,Modified
https://github.com/sunpy/sunkit-dem,swh:1:rev:0b3f20aa114306b3eddfed61e0b7809ab43db788,refs/heads/pre-commit-ci-update-config,swh:1:snp:61abb3f02a8c44a2475b8c7487f4ae5169e7a568,./docs/_templates/autosummary/base.rst,Modified
https://github.com/sunpy/sunkit-dem,swh:1:rev:0b3f20aa114306b3eddfed61e0b7809ab43db788,refs/heads/pre-commit-ci-update-config,swh:1:snp:61abb3f02a8c44a2475b8c7487f4ae5169e7a568,./appveyor.yml,Modified
https://github.com/sunpy/sunkit-dem,swh:1:rev:0b3f20aa114306b3eddfed61e0b7809ab43db788,refs/heads/pre-commit-ci-update-config,swh:1:snp:61abb3f02a8c44a2475b8c7487f4ae5169e7a568,./docs/_templates/autosummary/module.rst,Modified
https://github.com/sunpy/sunkit-dem,swh:1:rev:0b3f20aa114306b3eddfed61e0b7809ab43db788,refs/heads/pre-commit-ci-update-config,swh:1:snp:61abb3f02a8c44a2475b8c7487f4ae5169e7a568,./.pre-commit-config.yaml,Modified
https://github.com/sunpy/sunkit-dem,swh:1:rev:0b3f20aa114306b3eddfed61e0b7809ab43db788,refs/heads/pre-commit-ci-update-config,swh:1:snp:61abb3f02a8c44a2475b8c7487f4ae5169e7a568,./README.rst,Modified
https://github.com/sunpy/sunkit-dem,swh:1:rev:4f1264677e49f44c16d96dc781896729d4e2853c,refs/heads/pre-commit-ci-update-config,swh:1:snp:ce49100bebebb4f5da85d0b72a2060432e8d6265,./.pre-commit-config.yaml,Modified
https://github.com/bettio/astarte_data_access,swh:1:rev:f69b1823ec7591cf5beb138a0f3fb984601ee46a,refs/heads/fwdport-1.0-into-master,swh:1:snp:a7ae5ef120a23ba1225e1ed5a7970798cbd10729,./CHANGELOG.md,Modified
https://github.com/bettio/astarte_data_access,swh:1:rev:f69b1823ec7591cf5beb138a0f3fb984601ee46a,refs/heads/fwdport-1.0-into-master,swh:1:snp:a7ae5ef120a23ba1225e1ed5a7970798cbd10729,./mix.exs,Modified
https://github.com/micromata/hungry-fetch,swh:1:rev:577d0c511ac9b26adc5a9f866630b566a437127e,refs/pull/43/head,swh:1:snp:de1c2d1ba4b5cea5789e28811b44d9a6b8c5533b,./.github/workflows/tests.yml,Modified
https://github.com/micromata/hungry-fetch,swh:1:rev:577d0c511ac9b26adc5a9f866630b566a437127e,refs/pull/43/head,swh:1:snp:de1c2d1ba4b5cea5789e28811b44d9a6b8c5533b,./.travis.yml,NotFound
https://github.com/micromata/hungry-fetch,swh:1:rev:577d0c511ac9b26adc5a9f866630b566a437127e,refs/pull/43/head,swh:1:snp:de1c2d1ba4b5cea5789e28811b44d9a6b8c5533b,./package-lock.json,Modified
https://github.com/lvd2/coolgirl-multirom-builder,swh:1:rev:200ff5917d4c7db89b086ab41451ea8353d96a8f,refs/heads/master,swh:1:snp:a8287b12d70b96e31abfda669f5744fe6c5e45f1,./tools_sources/CoolgirlCombiner/Properties/Resources.resx,NotFound
https://github.com/lvd2/coolgirl-multirom-builder,swh:1:rev:200ff5917d4c7db89b086ab41451ea8353d96a8f,refs/heads/master,swh:1:snp:a8287b12d70b96e31abfda669f5744fe6c5e45f1,./tools_sources/CoolgirlCombiner/fixes.json,NotFound
https://github.com/lvd2/coolgirl-multirom-builder,swh:1:rev:200ff5917d4c7db89b086ab41451ea8353d96a8f,refs/heads/master,swh:1:snp:a8287b12d70b96e31abfda669f5744fe6c5e45f1,./flash.asm,Modified
https://github.com/lvd2/coolgirl-multirom-builder,swh:1:rev:200ff5917d4c7db89b086ab41451ea8353d96a8f,refs/heads/master,swh:1:snp:a8287b12d70b96e31abfda669f5744fe6c5e45f1,./tools_sources/CoolgirlCombiner/Game.cs,Modified
https://github.com/lvd2/coolgirl-multirom-builder,swh:1:rev:200ff5917d4c7db89b086ab41451ea8353d96a8f,refs/heads/master,swh:1:snp:a8287b12d70b96e31abfda669f5744fe6c5e45f1,./tools_sources/CoolgirlCombiner/Mapper.cs,Modified
https://github.com/lvd2/coolgirl-multirom-builder,swh:1:rev:200ff5917d4c7db89b086ab41451ea8353d96a8f,refs/heads/master,swh:1:snp:a8287b12d70b96e31abfda669f5744fe6c5e45f1,./tools_sources/CoolgirlCombiner/Offsets.cs,Modified
https://github.com/lvd2/coolgirl-multirom-builder,swh:1:rev:200ff5917d4c7db89b086ab41451ea8353d96a8f,refs/heads/master,swh:1:snp:a8287b12d70b96e31abfda669f5744fe6c5e45f1,./games.list,NotFound
https://github.com/lvd2/coolgirl-multirom-builder,swh:1:rev:200ff5917d4c7db89b086ab41451ea8353d96a8f,refs/heads/master,swh:1:snp:a8287b12d70b96e31abfda669f5744fe6c5e45f1,./tools_sources/CoolgirlCombiner/app.config,NotFound
https://github.com/lvd2/coolgirl-multirom-builder,swh:1:rev:200ff5917d4c7db89b086ab41451ea8353d96a8f,refs/heads/master,swh:1:snp:a8287b12d70b96e31abfda669f5744fe6c5e45f1,./tools_sources/CoolgirlCombiner/GameFix.cs,Modified
https://github.com/lvd2/coolgirl-multirom-builder,swh:1:rev:200ff5917d4c7db89b086ab41451ea8353d96a8f,refs/heads/master,swh:1:snp:a8287b12d70b96e31abfda669f5744fe6c5e45f1,./buttons.asm,Modified
https://github.com/lvd2/coolgirl-multirom-builder,swh:1:rev:200ff5917d4c7db89b086ab41451ea8353d96a8f,refs/heads/master,swh:1:snp:a8287b12d70b96e31abfda669f5744fe6c5e45f1,./tools_sources/CoolgirlCombiner/Program.cs,Modified
https://github.com/lvd2/coolgirl-multirom-builder,swh:1:rev:200ff5917d4c7db89b086ab41451ea8353d96a8f,refs/heads/master,swh:1:snp:a8287b12d70b96e31abfda669f5744fe6c5e45f1,./tools_sources/CoolgirlCombiner/symbols.json,NotFound
https://github.com/lvd2/coolgirl-multirom-builder,swh:1:rev:200ff5917d4c7db89b086ab41451ea8353d96a8f,refs/heads/master,swh:1:snp:a8287b12d70b96e31abfda669f5744fe6c5e45f1,./saves.asm,Modified
https://github.com/lvd2/coolgirl-multirom-builder,swh:1:rev:200ff5917d4c7db89b086ab41451ea8353d96a8f,refs/heads/master,swh:1:snp:a8287b12d70b96e31abfda669f5744fe6c5e45f1,./tests.asm,Modified
https://github.com/lvd2/coolgirl-multirom-builder,swh:1:rev:200ff5917d4c7db89b086ab41451ea8353d96a8f,refs/heads/master,swh:1:snp:a8287b12d70b96e31abfda669f5744fe6c5e45f1,./tools_sources/CoolgirlCombiner.sln,Modified
https://github.com/lvd2/coolgirl-multirom-builder,swh:1:rev:200ff5917d4c7db89b086ab41451ea8353d96a8f,refs/heads/master,swh:1:snp:a8287b12d70b96e31abfda669f5744fe6c5e45f1,./tools_sources/CoolgirlCombiner/mappers.json,NotFound
https://github.com/lvd2/coolgirl-multirom-builder,swh:1:rev:200ff5917d4c7db89b086ab41451ea8353d96a8f,refs/heads/master,swh:1:snp:a8287b12d70b96e31abfda669f5744fe6c5e45f1,./spec/controller.nes,Modified
https://github.com/lvd2/coolgirl-multirom-builder,swh:1:rev:200ff5917d4c7db89b086ab41451ea8353d96a8f,refs/heads/master,swh:1:snp:a8287b12d70b96e31abfda669f5744fe6c5e45f1,./preloader.asm,Modified
https://github.com/lvd2/coolgirl-multirom-builder,swh:1:rev:200ff5917d4c7db89b086ab41451ea8353d96a8f,refs/heads/master,swh:1:snp:a8287b12d70b96e31abfda669f5744fe6c5e45f1,./menu_symbols.png,NotFound
https://github.com/lvd2/coolgirl-multirom-builder,swh:1:rev:200ff5917d4c7db89b086ab41451ea8353d96a8f,refs/heads/master,swh:1:snp:a8287b12d70b96e31abfda669f5744fe6c5e45f1,./tools_sources/CoolgirlCombiner/CoolgirlCombiner.csproj,Modified
https://github.com/lvd2/coolgirl-multirom-builder,swh:1:rev:200ff5917d4c7db89b086ab41451ea8353d96a8f,refs/heads/master,swh:1:snp:a8287b12d70b96e31abfda669f5744fe6c5e45f1,./Makefile,Modified
https://github.com/lvd2/coolgirl-multirom-builder,swh:1:rev:200ff5917d4c7db89b086ab41451ea8353d96a8f,refs/heads/master,swh:1:snp:a8287b12d70b96e31abfda669f5744fe6c5e45f1,./tools_sources/CoolgirlCombiner/Properties/AssemblyInfo.cs,NotFound
https://github.com/lvd2/coolgirl-multirom-builder,swh:1:rev:200ff5917d4c7db89b086ab41451ea8353d96a8f,refs/heads/master,swh:1:snp:a8287b12d70b96e31abfda669f5744fe6c5e45f1,./buildinfo.asm,Modified
https://github.com/lvd2/coolgirl-multirom-builder,swh:1:rev:200ff5917d4c7db89b086ab41451ea8353d96a8f,refs/heads/master,swh:1:snp:a8287b12d70b96e31abfda669f5744fe6c5e45f1,./tools_sources/CoolgirlCombiner/packages.config,NotFound
https://github.com/lvd2/coolgirl-multirom-builder,swh:1:rev:200ff5917d4c7db89b086ab41451ea8353d96a8f,refs/heads/master,swh:1:snp:a8287b12d70b96e31abfda669f5744fe6c5e45f1,./menu_footer.png,NotFound
https://github.com/lvd2/coolgirl-multirom-builder,swh:1:rev:200ff5917d4c7db89b086ab41451ea8353d96a8f,refs/heads/master,swh:1:snp:a8287b12d70b96e31abfda669f5744fe6c5e45f1,./menu.asm,Modified
https://github.com/lvd2/coolgirl-multirom-builder,swh:1:rev:200ff5917d4c7db89b086ab41451ea8353d96a8f,refs/heads/master,swh:1:snp:a8287b12d70b96e31abfda669f5744fe6c5e45f1,./!build_rom.bat,NotFound
https://github.com/lvd2/coolgirl-multirom-builder,swh:1:rev:200ff5917d4c7db89b086ab41451ea8353d96a8f,refs/heads/master,swh:1:snp:a8287b12d70b96e31abfda669f5744fe6c5e45f1,./sounds.asm,Modified
https://github.com/lvd2/coolgirl-multirom-builder,swh:1:rev:200ff5917d4c7db89b086ab41451ea8353d96a8f,refs/heads/master,swh:1:snp:a8287b12d70b96e31abfda669f5744fe6c5e45f1,./menu_sprites.png,NotFound
https://github.com/lvd2/coolgirl-multirom-builder,swh:1:rev:200ff5917d4c7db89b086ab41451ea8353d96a8f,refs/heads/master,swh:1:snp:a8287b12d70b96e31abfda669f5744fe6c5e45f1,./menu_header.png,NotFound
https://github.com/lvd2/coolgirl-multirom-builder,swh:1:rev:200ff5917d4c7db89b086ab41451ea8353d96a8f,refs/heads/master,swh:1:snp:a8287b12d70b96e31abfda669f5744fe6c5e45f1,./video.asm,Modified
https://github.com/micromata/hungry-fetch,swh:1:rev:d53d2dab58f7b6aa83cea4c203d089002f414f49,refs/pull/40/head,swh:1:snp:de1c2d1ba4b5cea5789e28811b44d9a6b8c5533b,./package-lock.json,Modified
https://github.com/micromata/hungry-fetch,swh:1:rev:d53d2dab58f7b6aa83cea4c203d089002f414f49,refs/pull/40/head,swh:1:snp:de1c2d1ba4b5cea5789e28811b44d9a6b8c5533b,./.travis.yml,NotFound
https://github.com/micromata/hungry-fetch,swh:1:rev:d53d2dab58f7b6aa83cea4c203d089002f414f49,refs/pull/40/head,swh:1:snp:de1c2d1ba4b5cea5789e28811b44d9a6b8c5533b,./.github/workflows/tests.yml,Modified
https://github.com/die-antwort/javascript-eslint.tmbundle,swh:1:rev:522775f245b8276868bc973378f1177f1bfcc08f,refs/heads/master,swh:1:snp:7424bbade6e97ca264024956ad0c066051d78ffd,./Support/error.ejs,NotFound
https://github.com/die-antwort/javascript-eslint.tmbundle,swh:1:rev:522775f245b8276868bc973378f1177f1bfcc08f,refs/heads/master,swh:1:snp:7424bbade6e97ca264024956ad0c066051d78ffd,./Support/document.js,NotFound
https://github.com/die-antwort/javascript-eslint.tmbundle,swh:1:rev:522775f245b8276868bc973378f1177f1bfcc08f,refs/heads/master,swh:1:snp:7424bbade6e97ca264024956ad0c066051d78ffd,./Commands/Validate with ESLint.tmCommand,Modified
https://github.com/die-antwort/javascript-eslint.tmbundle,swh:1:rev:522775f245b8276868bc973378f1177f1bfcc08f,refs/heads/master,swh:1:snp:7424bbade6e97ca264024956ad0c066051d78ffd,./Support/bootstrap.min.css,NotFound
https://github.com/die-antwort/javascript-eslint.tmbundle,swh:1:rev:522775f245b8276868bc973378f1177f1bfcc08f,refs/heads/master,swh:1:snp:7424bbade6e97ca264024956ad0c066051d78ffd,./Support/content.ejs,NotFound
https://github.com/die-antwort/javascript-eslint.tmbundle,swh:1:rev:522775f245b8276868bc973378f1177f1bfcc08f,refs/heads/master,swh:1:snp:7424bbade6e97ca264024956ad0c066051d78ffd,./Support/ejs_production.js,NotFound
https://github.com/die-antwort/javascript-eslint.tmbundle,swh:1:rev:522775f245b8276868bc973378f1177f1bfcc08f,refs/heads/master,swh:1:snp:7424bbade6e97ca264024956ad0c066051d78ffd,./latest.json,Modified
https://github.com/die-antwort/javascript-eslint.tmbundle,swh:1:rev:522775f245b8276868bc973378f1177f1bfcc08f,refs/heads/master,swh:1:snp:7424bbade6e97ca264024956ad0c066051d78ffd,./.gitignore,Modified
https://github.com/die-antwort/javascript-eslint.tmbundle,swh:1:rev:522775f245b8276868bc973378f1177f1bfcc08f,refs/heads/master,swh:1:snp:7424bbade6e97ca264024956ad0c066051d78ffd,./Support/template.html,NotFound
https://github.com/die-antwort/javascript-eslint.tmbundle,swh:1:rev:522775f245b8276868bc973378f1177f1bfcc08f,refs/heads/master,swh:1:snp:7424bbade6e97ca264024956ad0c066051d78ffd,./README.md,Modified
https://github.com/die-antwort/javascript-eslint.tmbundle,swh:1:rev:522775f245b8276868bc973378f1177f1bfcc08f,refs/heads/master,swh:1:snp:7424bbade6e97ca264024956ad0c066051d78ffd,./Commands/Save & Validate with ESLint.tmCommand,Modified
https://github.com/die-antwort/javascript-eslint.tmbundle,swh:1:rev:522775f245b8276868bc973378f1177f1bfcc08f,refs/heads/master,swh:1:snp:7424bbade6e97ca264024956ad0c066051d78ffd,./Support/validate.py,NotFound
https://github.com/die-antwort/javascript-eslint.tmbundle,swh:1:rev:522775f245b8276868bc973378f1177f1bfcc08f,refs/heads/master,swh:1:snp:7424bbade6e97ca264024956ad0c066051d78ffd,./Support/zepto.min.js,NotFound
https://github.com/die-antwort/javascript-eslint.tmbundle,swh:1:rev:522775f245b8276868bc973378f1177f1bfcc08f,HEAD,swh:1:snp:7424bbade6e97ca264024956ad0c066051d78ffd,./README.md,Modified
https://github.com/die-antwort/javascript-eslint.tmbundle,swh:1:rev:522775f245b8276868bc973378f1177f1bfcc08f,HEAD,swh:1:snp:7424bbade6e97ca264024956ad0c066051d78ffd,./latest.json,Modified
https://github.com/die-antwort/javascript-eslint.tmbundle,swh:1:rev:522775f245b8276868bc973378f1177f1bfcc08f,HEAD,swh:1:snp:7424bbade6e97ca264024956ad0c066051d78ffd,./Support/validate.py,NotFound
https://github.com/die-antwort/javascript-eslint.tmbundle,swh:1:rev:522775f245b8276868bc973378f1177f1bfcc08f,HEAD,swh:1:snp:7424bbade6e97ca264024956ad0c066051d78ffd,./Support/ejs_production.js,NotFound
https://github.com/die-antwort/javascript-eslint.tmbundle,swh:1:rev:522775f245b8276868bc973378f1177f1bfcc08f,HEAD,swh:1:snp:7424bbade6e97ca264024956ad0c066051d78ffd,./Support/content.ejs,NotFound
https://github.com/die-antwort/javascript-eslint.tmbundle,swh:1:rev:522775f245b8276868bc973378f1177f1bfcc08f,HEAD,swh:1:snp:7424bbade6e97ca264024956ad0c066051d78ffd,./Support/template.html,NotFound
https://github.com/die-antwort/javascript-eslint.tmbundle,swh:1:rev:522775f245b8276868bc973378f1177f1bfcc08f,HEAD,swh:1:snp:7424bbade6e97ca264024956ad0c066051d78ffd,./Commands/Validate with ESLint.tmCommand,Modified
https://github.com/die-antwort/javascript-eslint.tmbundle,swh:1:rev:522775f245b8276868bc973378f1177f1bfcc08f,HEAD,swh:1:snp:7424bbade6e97ca264024956ad0c066051d78ffd,./.gitignore,Modified
https://github.com/die-antwort/javascript-eslint.tmbundle,swh:1:rev:522775f245b8276868bc973378f1177f1bfcc08f,HEAD,swh:1:snp:7424bbade6e97ca264024956ad0c066051d78ffd,./Support/document.js,NotFound
https://github.com/die-antwort/javascript-eslint.tmbundle,swh:1:rev:522775f245b8276868bc973378f1177f1bfcc08f,HEAD,swh:1:snp:7424bbade6e97ca264024956ad0c066051d78ffd,./Commands/Save & Validate with ESLint.tmCommand,Modified
https://github.com/die-antwort/javascript-eslint.tmbundle,swh:1:rev:522775f245b8276868bc973378f1177f1bfcc08f,HEAD,swh:1:snp:7424bbade6e97ca264024956ad0c066051d78ffd,./Support/zepto.min.js,NotFound
https://github.com/die-antwort/javascript-eslint.tmbundle,swh:1:rev:522775f245b8276868bc973378f1177f1bfcc08f,HEAD,swh:1:snp:7424bbade6e97ca264024956ad0c066051d78ffd,./Support/error.ejs,NotFound
https://github.com/die-antwort/javascript-eslint.tmbundle,swh:1:rev:522775f245b8276868bc973378f1177f1bfcc08f,HEAD,swh:1:snp:7424bbade6e97ca264024956ad0c066051d78ffd,./Support/bootstrap.min.css,NotFound
https://github.com/tlswg/dtls13-spec,swh:1:rev:0fcf9796465222730ae52b38b2490bb57d97f0d1,refs/heads/gh-pages,swh:1:snp:455b2a1ae9e62f9e4a7c9163444214e65d2ac8e2,./draft-ietf-tls-dtls13.html,Modified
https://github.com/tlswg/dtls13-spec,swh:1:rev:0fcf9796465222730ae52b38b2490bb57d97f0d1,refs/heads/gh-pages,swh:1:snp:455b2a1ae9e62f9e4a7c9163444214e65d2ac8e2,./index.html,Modified
https://github.com/tlswg/dtls13-spec,swh:1:rev:0fcf9796465222730ae52b38b2490bb57d97f0d1,refs/heads/gh-pages,swh:1:snp:455b2a1ae9e62f9e4a7c9163444214e65d2ac8e2,./draft-ietf-tls-dtls13.txt,Modified
https://github.com/tlswg/dtls13-spec,swh:1:rev:a5a4f4124634f8e7a114b997357d32453ff1dd77,refs/heads/gh-pages,swh:1:snp:0dab212783963866f61562dc231f6483a22150de,./draft-ietf-tls-dtls13-43/index.html,NotFound
https://github.com/tlswg/dtls13-spec,swh:1:rev:a5a4f4124634f8e7a114b997357d32453ff1dd77,refs/heads/gh-pages,swh:1:snp:0dab212783963866f61562dc231f6483a22150de,./draft-ietf-tls-dtls13-43/draft-ietf-tls-dtls13.html,NotFound
https://github.com/tlswg/dtls13-spec,swh:1:rev:a5a4f4124634f8e7a114b997357d32453ff1dd77,refs/heads/gh-pages,swh:1:snp:0dab212783963866f61562dc231f6483a22150de,./draft-ietf-tls-dtls13.txt,Modified
https://github.com/tlswg/dtls13-spec,swh:1:rev:a5a4f4124634f8e7a114b997357d32453ff1dd77,refs/heads/gh-pages,swh:1:snp:0dab212783963866f61562dc231f6483a22150de,./draft-ietf-tls-dtls13-43/draft-ietf-tls-dtls13.txt,NotFound
https://github.com/tlswg/dtls13-spec,swh:1:rev:a5a4f4124634f8e7a114b997357d32453ff1dd77,refs/heads/gh-pages,swh:1:snp:0dab212783963866f61562dc231f6483a22150de,./draft-ietf-tls-dtls13.html,Modified
https://github.com/tlswg/dtls13-spec,swh:1:rev:a5a4f4124634f8e7a114b997357d32453ff1dd77,refs/heads/gh-pages,swh:1:snp:0dab212783963866f61562dc231f6483a22150de,./index.html,Modified
https://github.com/tlswg/dtls13-spec,swh:1:rev:a5a4f4124634f8e7a114b997357d32453ff1dd77,refs/heads/gh-pages,swh:1:snp:0dab212783963866f61562dc231f6483a22150de,./archive.json,Modified
https://gitlab.com/gl-support/gitlab-support-toolkit.git,swh:1:rev:c1af3396463260d4a17ef9ebc29defc926b5ca8a,refs/merge-requests/19/merge,swh:1:snp:41cccb8306676e06480133681ad12036f89e1158,./playbooks/omnibus/tasks/main.yml,Modified
https://gitlab.com/gl-support/gitlab-support-toolkit.git,swh:1:rev:c1af3396463260d4a17ef9ebc29defc926b5ca8a,refs/merge-requests/19/merge,swh:1:snp:41cccb8306676e06480133681ad12036f89e1158,./Vagrantfile,Modified
https://gitlab.com/gl-support/gitlab-support-toolkit.git,swh:1:rev:c1af3396463260d4a17ef9ebc29defc926b5ca8a,refs/merge-requests/19/merge,swh:1:snp:41cccb8306676e06480133681ad12036f89e1158,./playbooks/main.yml,Modified
https://gitlab.com/gl-support/gitlab-support-toolkit.git,swh:1:rev:c1af3396463260d4a17ef9ebc29defc926b5ca8a,refs/merge-requests/19/merge,swh:1:snp:41cccb8306676e06480133681ad12036f89e1158,./.gitignore,Modified
https://gitlab.com/gl-support/gitlab-support-toolkit.git,swh:1:rev:c1af3396463260d4a17ef9ebc29defc926b5ca8a,refs/merge-requests/19/merge,swh:1:snp:41cccb8306676e06480133681ad12036f89e1158,./playbooks/geo/tasks/main.yml,NotFound
https://gitlab.com/gl-support/gitlab-support-toolkit.git,swh:1:rev:c1af3396463260d4a17ef9ebc29defc926b5ca8a,refs/merge-requests/19/merge,swh:1:snp:41cccb8306676e06480133681ad12036f89e1158,./playbooks/elk/tasks/main.yml,NotFound
https://gitlab.com/gl-support/gitlab-support-toolkit.git,swh:1:rev:c1af3396463260d4a17ef9ebc29defc926b5ca8a,refs/merge-requests/19/merge,swh:1:snp:41cccb8306676e06480133681ad12036f89e1158,./README.md,Modified
https://gitlab.com/gl-support/gitlab-support-toolkit.git,swh:1:rev:c1af3396463260d4a17ef9ebc29defc926b5ca8a,refs/merge-requests/19/merge,swh:1:snp:41cccb8306676e06480133681ad12036f89e1158,./playbooks/elk/meta/main.yml,NotFound
https://github.com/yogeshpahilwan/Cloud-Fun,swh:1:rev:e71373b94771f95a600f237262f1b9eab28e59e9,refs/pull/4/head,swh:1:snp:83748a716a227dca32976c564048a76588bf70df,./package.json,Modified
https://github.com/yogeshpahilwan/Cloud-Fun,swh:1:rev:e71373b94771f95a600f237262f1b9eab28e59e9,refs/pull/4/head,swh:1:snp:83748a716a227dca32976c564048a76588bf70df,./package-lock.json,Modified
https://github.com/yogeshpahilwan/Cloud-Fun,swh:1:rev:e71373b94771f95a600f237262f1b9eab28e59e9,refs/heads/dependabot/npm_and_yarn/acorn-5.7.4,swh:1:snp:83748a716a227dca32976c564048a76588bf70df,./package.json,Modified
https://github.com/yogeshpahilwan/Cloud-Fun,swh:1:rev:e71373b94771f95a600f237262f1b9eab28e59e9,refs/heads/dependabot/npm_and_yarn/acorn-5.7.4,swh:1:snp:83748a716a227dca32976c564048a76588bf70df,./package-lock.json,Modified
https://github.com/zhengwei1949/zhengwei1949.github.io,swh:1:rev:70402213da6731cd6face23f1af0d96e18188a54,refs/heads/master,swh:1:snp:708029f087d9690406d8d98b76b1a68d80ba1b28,./index.html,Modified
https://github.com/zhengwei1949/zhengwei1949.github.io,swh:1:rev:70402213da6731cd6face23f1af0d96e18188a54,refs/heads/master,swh:1:snp:708029f087d9690406d8d98b76b1a68d80ba1b28,./favicon.png,NotFound
https://github.com/zhengwei1949/zhengwei1949.github.io,swh:1:rev:70402213da6731cd6face23f1af0d96e18188a54,refs/heads/master,swh:1:snp:708029f087d9690406d8d98b76b1a68d80ba1b28,./index.json,NotFound
https://github.com/zhengwei1949/zhengwei1949.github.io,swh:1:rev:70402213da6731cd6face23f1af0d96e18188a54,refs/heads/master,swh:1:snp:708029f087d9690406d8d98b76b1a68d80ba1b28,./archive.html,NotFound
https://github.com/zhengwei1949/zhengwei1949.github.io,swh:1:rev:70402213da6731cd6face23f1af0d96e18188a54,refs/heads/master,swh:1:snp:708029f087d9690406d8d98b76b1a68d80ba1b28,./about.me.html,NotFound
https://github.com/zhengwei1949/zhengwei1949.github.io,swh:1:rev:70402213da6731cd6face23f1af0d96e18188a54,refs/heads/master,swh:1:snp:708029f087d9690406d8d98b76b1a68d80ba1b28,./tag/写作/index.html,NotFound
https://github.com/zhengwei1949/zhengwei1949.github.io,swh:1:rev:70402213da6731cd6face23f1af0d96e18188a54,refs/heads/master,swh:1:snp:708029f087d9690406d8d98b76b1a68d80ba1b28,./robots.txt,NotFound
https://github.com/zhengwei1949/zhengwei1949.github.io,swh:1:rev:70402213da6731cd6face23f1af0d96e18188a54,refs/heads/master,swh:1:snp:708029f087d9690406d8d98b76b1a68d80ba1b28,./bundle/index.css,NotFound
https://github.com/zhengwei1949/zhengwei1949.github.io,swh:1:rev:70402213da6731cd6face23f1af0d96e18188a54,refs/heads/master,swh:1:snp:708029f087d9690406d8d98b76b1a68d80ba1b28,./images/example-en.png,NotFound
https://github.com/zhengwei1949/zhengwei1949.github.io,swh:1:rev:70402213da6731cd6face23f1af0d96e18188a54,refs/heads/master,swh:1:snp:708029f087d9690406d8d98b76b1a68d80ba1b28,./tag/设计/index.html,NotFound
https://github.com/zhengwei1949/zhengwei1949.github.io,swh:1:rev:70402213da6731cd6face23f1af0d96e18188a54,refs/heads/master,swh:1:snp:708029f087d9690406d8d98b76b1a68d80ba1b28,./bundle/index.js,NotFound
https://github.com/zhengwei1949/zhengwei1949.github.io,swh:1:rev:70402213da6731cd6face23f1af0d96e18188a54,refs/heads/master,swh:1:snp:708029f087d9690406d8d98b76b1a68d80ba1b28,./images/avatar.png,NotFound
https://github.com/zhengwei1949/zhengwei1949.github.io,swh:1:rev:70402213da6731cd6face23f1af0d96e18188a54,refs/heads/master,swh:1:snp:708029f087d9690406d8d98b76b1a68d80ba1b28,./ink-blog-tool-en.html,NotFound
https://github.com/zhengwei1949/zhengwei1949.github.io,swh:1:rev:70402213da6731cd6face23f1af0d96e18188a54,refs/heads/master,swh:1:snp:708029f087d9690406d8d98b76b1a68d80ba1b28,./atom.xml,NotFound
https://github.com/zhengwei1949/zhengwei1949.github.io,swh:1:rev:70402213da6731cd6face23f1af0d96e18188a54,refs/heads/master,swh:1:snp:708029f087d9690406d8d98b76b1a68d80ba1b28,./tag.html,NotFound
https://github.com/zhengwei1949/zhengwei1949.github.io,swh:1:rev:70402213da6731cd6face23f1af0d96e18188a54,refs/heads/master,swh:1:snp:708029f087d9690406d8d98b76b1a68d80ba1b28,./images/example.png,NotFound
https://github.com/zhengwei1949/zhengwei1949.github.io,swh:1:rev:70402213da6731cd6face23f1af0d96e18188a54,refs/heads/master,swh:1:snp:708029f087d9690406d8d98b76b1a68d80ba1b28,./bundle/searchWorker.js,NotFound
https://github.com/zhengwei1949/zhengwei1949.github.io,swh:1:rev:70402213da6731cd6face23f1af0d96e18188a54,refs/heads/master,swh:1:snp:708029f087d9690406d8d98b76b1a68d80ba1b28,./ink-blog-tool.html,NotFound
https://github.com/omniboard-dev/analyzer,swh:1:rev:4f77d4b07e7b0f33107ba497db8c9625f00b74a8,refs/pull/25/head,swh:1:snp:e51cbf76a93fd9b74e5d8dd3ae65f00f56114c68,./lib/commands/test-check.ts,Modified
https://github.com/omniboard-dev/analyzer,swh:1:rev:4f77d4b07e7b0f33107ba497db8c9625f00b74a8,refs/pull/25/head,swh:1:snp:e51cbf76a93fd9b74e5d8dd3ae65f00f56114c68,./lib/index.ts,Modified
https://github.com/omniboard-dev/analyzer,swh:1:rev:4f77d4b07e7b0f33107ba497db8c9625f00b74a8,refs/pull/25/head,swh:1:snp:e51cbf76a93fd9b74e5d8dd3ae65f00f56114c68,./lib/services/fs.service.ts,Modified
https://github.com/omniboard-dev/analyzer,swh:1:rev:4f77d4b07e7b0f33107ba497db8c9625f00b74a8,refs/pull/25/head,swh:1:snp:e51cbf76a93fd9b74e5d8dd3ae65f00f56114c68,./lib/commands/analyze.ts,Modified
https://github.com/omniboard-dev/analyzer,swh:1:rev:4f77d4b07e7b0f33107ba497db8c9625f00b74a8,refs/pull/25/head,swh:1:snp:e51cbf76a93fd9b74e5d8dd3ae65f00f56114c68,./package-lock.json,Modified
https://github.com/omniboard-dev/analyzer,swh:1:rev:4f77d4b07e7b0f33107ba497db8c9625f00b74a8,refs/pull/25/head,swh:1:snp:e51cbf76a93fd9b74e5d8dd3ae65f00f56114c68,./lib/utils/process.ts,Modified
https://github.com/omniboard-dev/analyzer,swh:1:rev:4f77d4b07e7b0f33107ba497db8c9625f00b74a8,refs/pull/25/head,swh:1:snp:e51cbf76a93fd9b74e5d8dd3ae65f00f56114c68,./lib/interface.ts,Modified
https://github.com/strugee/generator-stratic,swh:1:rev:1e22e2fb898d3df1e19d535fa81a1f1a86b98a0f,refs/pull/28/head,swh:1:snp:1e98d5043814725e25e68a4b32fa84ec5e0f4f95,./app/index.js,Modified
https://github.com/conda-forge/guardian-feedstock,swh:1:rev:e2cffb25fa3bb046c5f32df602ae9655bc637b8c,refs/pull/13/head,swh:1:snp:73b2cf62cf9b80de8f7598121547c4ad5aa22144,./.ci_support/migrations/python39.yaml,NotFound
https://github.com/conda-forge/guardian-feedstock,swh:1:rev:e2cffb25fa3bb046c5f32df602ae9655bc637b8c,refs/pull/13/head,swh:1:snp:73b2cf62cf9b80de8f7598121547c4ad5aa22144,./.ci_support/osx_64_python3.7.____cpython.yaml,Modified
https://github.com/conda-forge/guardian-feedstock,swh:1:rev:e2cffb25fa3bb046c5f32df602ae9655bc637b8c,refs/pull/13/head,swh:1:snp:73b2cf62cf9b80de8f7598121547c4ad5aa22144,./.ci_support/win_64_python3.6.____cpython.yaml,NotFound
https://github.com/conda-forge/guardian-feedstock,swh:1:rev:e2cffb25fa3bb046c5f32df602ae9655bc637b8c,refs/pull/13/head,swh:1:snp:73b2cf62cf9b80de8f7598121547c4ad5aa22144,./build-locally.py,Modified
https://github.com/conda-forge/guardian-feedstock,swh:1:rev:e2cffb25fa3bb046c5f32df602ae9655bc637b8c,refs/pull/13/head,swh:1:snp:73b2cf62cf9b80de8f7598121547c4ad5aa22144,./recipe/meta.yaml,Modified
https://github.com/conda-forge/guardian-feedstock,swh:1:rev:e2cffb25fa3bb046c5f32df602ae9655bc637b8c,refs/pull/13/head,swh:1:snp:73b2cf62cf9b80de8f7598121547c4ad5aa22144,./.ci_support/linux_64_python3.6.____cpython.yaml,NotFound
https://github.com/conda-forge/guardian-feedstock,swh:1:rev:e2cffb25fa3bb046c5f32df602ae9655bc637b8c,refs/pull/13/head,swh:1:snp:73b2cf62cf9b80de8f7598121547c4ad5aa22144,./.scripts/run_docker_build.sh,Modified
https://github.com/conda-forge/guardian-feedstock,swh:1:rev:e2cffb25fa3bb046c5f32df602ae9655bc637b8c,refs/pull/13/head,swh:1:snp:73b2cf62cf9b80de8f7598121547c4ad5aa22144,./.ci_support/linux_64_python3.9.____cpython.yaml,Modified
https://github.com/conda-forge/guardian-feedstock,swh:1:rev:e2cffb25fa3bb046c5f32df602ae9655bc637b8c,refs/pull/13/head,swh:1:snp:73b2cf62cf9b80de8f7598121547c4ad5aa22144,./.ci_support/osx_64_python3.6.____cpython.yaml,NotFound
https://github.com/conda-forge/guardian-feedstock,swh:1:rev:e2cffb25fa3bb046c5f32df602ae9655bc637b8c,refs/pull/13/head,swh:1:snp:73b2cf62cf9b80de8f7598121547c4ad5aa22144,./.scripts/run_osx_build.sh,Modified
https://github.com/conda-forge/guardian-feedstock,swh:1:rev:e2cffb25fa3bb046c5f32df602ae9655bc637b8c,refs/pull/13/head,swh:1:snp:73b2cf62cf9b80de8f7598121547c4ad5aa22144,./.ci_support/linux_64_python3.8.____cpython.yaml,Modified
https://github.com/conda-forge/guardian-feedstock,swh:1:rev:e2cffb25fa3bb046c5f32df602ae9655bc637b8c,refs/pull/13/head,swh:1:snp:73b2cf62cf9b80de8f7598121547c4ad5aa22144,./README.md,Modified
https://github.com/conda-forge/guardian-feedstock,swh:1:rev:e2cffb25fa3bb046c5f32df602ae9655bc637b8c,refs/pull/13/head,swh:1:snp:73b2cf62cf9b80de8f7598121547c4ad5aa22144,./.ci_support/README,Modified
https://github.com/conda-forge/guardian-feedstock,swh:1:rev:e2cffb25fa3bb046c5f32df602ae9655bc637b8c,refs/pull/13/head,swh:1:snp:73b2cf62cf9b80de8f7598121547c4ad5aa22144,./.azure-pipelines/azure-pipelines-osx.yml,Modified
https://github.com/conda-forge/guardian-feedstock,swh:1:rev:e2cffb25fa3bb046c5f32df602ae9655bc637b8c,refs/pull/13/head,swh:1:snp:73b2cf62cf9b80de8f7598121547c4ad5aa22144,./.ci_support/win_64_python3.8.____cpython.yaml,Modified
https://github.com/conda-forge/guardian-feedstock,swh:1:rev:e2cffb25fa3bb046c5f32df602ae9655bc637b8c,refs/pull/13/head,swh:1:snp:73b2cf62cf9b80de8f7598121547c4ad5aa22144,./.github/workflows/automerge.yml,Modified
https://github.com/conda-forge/guardian-feedstock,swh:1:rev:e2cffb25fa3bb046c5f32df602ae9655bc637b8c,refs/pull/13/head,swh:1:snp:73b2cf62cf9b80de8f7598121547c4ad5aa22144,./.ci_support/osx_64_python3.9.____cpython.yaml,Modified
https://github.com/conda-forge/guardian-feedstock,swh:1:rev:e2cffb25fa3bb046c5f32df602ae9655bc637b8c,refs/pull/13/head,swh:1:snp:73b2cf62cf9b80de8f7598121547c4ad5aa22144,./conda-forge.yml,Modified
https://github.com/conda-forge/guardian-feedstock,swh:1:rev:e2cffb25fa3bb046c5f32df602ae9655bc637b8c,refs/pull/13/head,swh:1:snp:73b2cf62cf9b80de8f7598121547c4ad5aa22144,./.ci_support/win_64_python3.9.____cpython.yaml,Modified
https://github.com/conda-forge/guardian-feedstock,swh:1:rev:e2cffb25fa3bb046c5f32df602ae9655bc637b8c,refs/pull/13/head,swh:1:snp:73b2cf62cf9b80de8f7598121547c4ad5aa22144,./.github/workflows/webservices.yml,Modified
https://github.com/conda-forge/guardian-feedstock,swh:1:rev:e2cffb25fa3bb046c5f32df602ae9655bc637b8c,refs/pull/13/head,swh:1:snp:73b2cf62cf9b80de8f7598121547c4ad5aa22144,./.gitattributes,Modified
https://github.com/conda-forge/guardian-feedstock,swh:1:rev:e2cffb25fa3bb046c5f32df602ae9655bc637b8c,refs/pull/13/head,swh:1:snp:73b2cf62cf9b80de8f7598121547c4ad5aa22144,./.ci_support/win_64_python3.7.____cpython.yaml,Modified
https://github.com/conda-forge/guardian-feedstock,swh:1:rev:e2cffb25fa3bb046c5f32df602ae9655bc637b8c,refs/pull/13/head,swh:1:snp:73b2cf62cf9b80de8f7598121547c4ad5aa22144,./.azure-pipelines/azure-pipelines-linux.yml,Modified
https://github.com/conda-forge/guardian-feedstock,swh:1:rev:e2cffb25fa3bb046c5f32df602ae9655bc637b8c,refs/pull/13/head,swh:1:snp:73b2cf62cf9b80de8f7598121547c4ad5aa22144,./.scripts/build_steps.sh,Modified
https://github.com/conda-forge/guardian-feedstock,swh:1:rev:e2cffb25fa3bb046c5f32df602ae9655bc637b8c,refs/pull/13/head,swh:1:snp:73b2cf62cf9b80de8f7598121547c4ad5aa22144,./.ci_support/linux_64_python3.7.____cpython.yaml,Modified
https://github.com/conda-forge/guardian-feedstock,swh:1:rev:e2cffb25fa3bb046c5f32df602ae9655bc637b8c,refs/pull/13/head,swh:1:snp:73b2cf62cf9b80de8f7598121547c4ad5aa22144,./.ci_support/osx_64_python3.8.____cpython.yaml,Modified
https://github.com/conda-forge/guardian-feedstock,swh:1:rev:e2cffb25fa3bb046c5f32df602ae9655bc637b8c,refs/pull/13/head,swh:1:snp:73b2cf62cf9b80de8f7598121547c4ad5aa22144,./.azure-pipelines/azure-pipelines-win.yml,Modified
https://github.com/conda-forge/guardian-feedstock,swh:1:rev:e2cffb25fa3bb046c5f32df602ae9655bc637b8c,refs/pull/13/head,swh:1:snp:73b2cf62cf9b80de8f7598121547c4ad5aa22144,./LICENSE.txt,Modified
https://github.com/JanusStudios/KillMeNow,swh:1:rev:26801bf163e980b12588c3ab003a0c55c4b33022,refs/heads/master,swh:1:snp:bc3c525bc10e4468382e7a0358c7626f36caf68d,./LICENSE,NotFound
https://github.com/JanusStudios/KillMeNow,swh:1:rev:26801bf163e980b12588c3ab003a0c55c4b33022,refs/heads/master,swh:1:snp:bc3c525bc10e4468382e7a0358c7626f36caf68d,./.gitignore,Modified
https://github.com/JanusStudios/KillMeNow,swh:1:rev:2ec91b5de8a1d249fd5cfca11a4f20c6f64c9ad6,refs/heads/master,swh:1:snp:1ccadf0199baf88ade7e9efd8aaba2fbb4ca3f45,./README.md,NotFound
https://github.com/JanusStudios/KillMeNow,swh:1:rev:2ec91b5de8a1d249fd5cfca11a4f20c6f64c9ad6,refs/heads/master,swh:1:snp:1ccadf0199baf88ade7e9efd8aaba2fbb4ca3f45,./.gitignore,Modified
https://github.com/JanusStudios/KillMeNow,swh:1:rev:2ec91b5de8a1d249fd5cfca11a4f20c6f64c9ad6,refs/heads/master,swh:1:snp:1ccadf0199baf88ade7e9efd8aaba2fbb4ca3f45,./LICENSE,Modified
https://github.com/Quick07/Quick07.github.io,swh:1:rev:47aea05dd7fd37d40603ddc6e0db51d85894c8f2,refs/heads/main,swh:1:snp:b876ae9b9fed09b0b8f27c4060253ebc3d2ba2b7,./index.html,Modified
https://github.com/theinfamousrj/talks,swh:1:rev:7dce130de47e267eaef1c082f9018e0ebe9c305e,refs/pull/46/head,swh:1:snp:536f4d248144cbc5ac9a1f1d18c737e78f7b6012,./presentations-the-dev-way/package-lock.json,Modified
https://github.com/theinfamousrj/talks,swh:1:rev:7dce130de47e267eaef1c082f9018e0ebe9c305e,refs/pull/46/head,swh:1:snp:536f4d248144cbc5ac9a1f1d18c737e78f7b6012,./stakeholders/yarn.lock,Modified
https://github.com/theinfamousrj/talks,swh:1:rev:7dce130de47e267eaef1c082f9018e0ebe9c305e,refs/pull/46/head,swh:1:snp:536f4d248144cbc5ac9a1f1d18c737e78f7b6012,./stakeholders/package-lock.json,Modified
https://github.com/theinfamousrj/talks,swh:1:rev:7dce130de47e267eaef1c082f9018e0ebe9c305e,refs/pull/46/head,swh:1:snp:536f4d248144cbc5ac9a1f1d18c737e78f7b6012,./project-spotlight-Anthem/yarn.lock,Modified
https://github.com/theinfamousrj/talks,swh:1:rev:7dce130de47e267eaef1c082f9018e0ebe9c305e,refs/pull/46/head,swh:1:snp:536f4d248144cbc5ac9a1f1d18c737e78f7b6012,./project-spotlight-Anthem/package-lock.json,Modified
https://github.com/tlswg/dtls13-spec,swh:1:rev:06d6c72c08626e81454b2a3c2d0965ee7ded8e6d,refs/heads/gh-pages,swh:1:snp:61043618d2f1f015f7f7fb5f36f8f21b38ef776b,./issues.json,NotFound
https://github.com/tlswg/dtls13-spec,swh:1:rev:06d6c72c08626e81454b2a3c2d0965ee7ded8e6d,refs/heads/gh-pages,swh:1:snp:61043618d2f1f015f7f7fb5f36f8f21b38ef776b,./draft-ietf-tls-dtls13.html,Modified
https://github.com/tlswg/dtls13-spec,swh:1:rev:06d6c72c08626e81454b2a3c2d0965ee7ded8e6d,refs/heads/gh-pages,swh:1:snp:61043618d2f1f015f7f7fb5f36f8f21b38ef776b,./ike_ref/draft-ietf-tls-dtls13.html,NotFound
https://github.com/tlswg/dtls13-spec,swh:1:rev:06d6c72c08626e81454b2a3c2d0965ee7ded8e6d,refs/heads/gh-pages,swh:1:snp:61043618d2f1f015f7f7fb5f36f8f21b38ef776b,./draft-ietf-tls-dtls13.txt,Modified
https://github.com/tlswg/dtls13-spec,swh:1:rev:06d6c72c08626e81454b2a3c2d0965ee7ded8e6d,refs/heads/gh-pages,swh:1:snp:61043618d2f1f015f7f7fb5f36f8f21b38ef776b,./ike_ref/index.html,NotFound
https://github.com/tlswg/dtls13-spec,swh:1:rev:06d6c72c08626e81454b2a3c2d0965ee7ded8e6d,refs/heads/gh-pages,swh:1:snp:61043618d2f1f015f7f7fb5f36f8f21b38ef776b,./index.html,Modified
https://github.com/tlswg/dtls13-spec,swh:1:rev:06d6c72c08626e81454b2a3c2d0965ee7ded8e6d,refs/heads/gh-pages,swh:1:snp:61043618d2f1f015f7f7fb5f36f8f21b38ef776b,./nittty_nits/draft-ietf-tls-dtls13.txt,NotFound
https://github.com/tlswg/dtls13-spec,swh:1:rev:06d6c72c08626e81454b2a3c2d0965ee7ded8e6d,refs/heads/gh-pages,swh:1:snp:61043618d2f1f015f7f7fb5f36f8f21b38ef776b,./issues.html,Modified
https://github.com/tlswg/dtls13-spec,swh:1:rev:06d6c72c08626e81454b2a3c2d0965ee7ded8e6d,refs/heads/gh-pages,swh:1:snp:61043618d2f1f015f7f7fb5f36f8f21b38ef776b,./nittty_nits/index.html,NotFound
https://github.com/tlswg/dtls13-spec,swh:1:rev:06d6c72c08626e81454b2a3c2d0965ee7ded8e6d,refs/heads/gh-pages,swh:1:snp:61043618d2f1f015f7f7fb5f36f8f21b38ef776b,./conventions/draft-ietf-tls-dtls13.html,NotFound
https://github.com/tlswg/dtls13-spec,swh:1:rev:06d6c72c08626e81454b2a3c2d0965ee7ded8e6d,refs/heads/gh-pages,swh:1:snp:61043618d2f1f015f7f7fb5f36f8f21b38ef776b,./conventions/index.html,NotFound
https://github.com/tlswg/dtls13-spec,swh:1:rev:06d6c72c08626e81454b2a3c2d0965ee7ded8e6d,refs/heads/gh-pages,swh:1:snp:61043618d2f1f015f7f7fb5f36f8f21b38ef776b,./nittty_nits/draft-ietf-tls-dtls13.html,NotFound
https://github.com/tlswg/dtls13-spec,swh:1:rev:06d6c72c08626e81454b2a3c2d0965ee7ded8e6d,refs/heads/gh-pages,swh:1:snp:61043618d2f1f015f7f7fb5f36f8f21b38ef776b,./pulls.json,NotFound
https://github.com/tlswg/dtls13-spec,swh:1:rev:06d6c72c08626e81454b2a3c2d0965ee7ded8e6d,refs/heads/gh-pages,swh:1:snp:61043618d2f1f015f7f7fb5f36f8f21b38ef776b,./ike_ref/draft-ietf-tls-dtls13.txt,NotFound
https://github.com/tlswg/dtls13-spec,swh:1:rev:06d6c72c08626e81454b2a3c2d0965ee7ded8e6d,refs/heads/gh-pages,swh:1:snp:61043618d2f1f015f7f7fb5f36f8f21b38ef776b,./issues.js,Modified
https://github.com/tlswg/dtls13-spec,swh:1:rev:06d6c72c08626e81454b2a3c2d0965ee7ded8e6d,refs/heads/gh-pages,swh:1:snp:61043618d2f1f015f7f7fb5f36f8f21b38ef776b,./conventions/draft-ietf-tls-dtls13.txt,NotFound
https://github.com/tlswg/dtls13-spec,swh:1:rev:ffb991784f85f142b8ff93eec9689c9d797abee0,refs/heads/gh-pages,swh:1:snp:300ac7dc394ea079b269f5fc7d85c80a33836bef,./draft-ietf-tls-dtls13.html,Modified
https://github.com/tlswg/dtls13-spec,swh:1:rev:ffb991784f85f142b8ff93eec9689c9d797abee0,refs/heads/gh-pages,swh:1:snp:300ac7dc394ea079b269f5fc7d85c80a33836bef,./draft-ietf-tls-dtls13.txt,Modified
https://github.com/tlswg/dtls13-spec,swh:1:rev:ffb991784f85f142b8ff93eec9689c9d797abee0,refs/heads/gh-pages,swh:1:snp:300ac7dc394ea079b269f5fc7d85c80a33836bef,./index.html,Modified
https://github.com/GoogleCloudPlatform/cloud-dataproc,swh:1:rev:6678c5f35b6f365cd2166e1413e022c6722a599c,refs/pull/14/head,swh:1:snp:ec45f81c3f9937cd24b8b98070d2e7d38543bf76,./spark-tensorflow/prepare/src/test/scala/com/google/cloud/ml/samples/criteo/CriteoImporterTest.scala,Modified
https://github.com/GoogleCloudPlatform/cloud-dataproc,swh:1:rev:6678c5f35b6f365cd2166e1413e022c6722a599c,refs/pull/14/head,swh:1:snp:ec45f81c3f9937cd24b8b98070d2e7d38543bf76,./spark-tensorflow/doc/spark-submit.md,Modified
https://github.com/GoogleCloudPlatform/cloud-dataproc,swh:1:rev:6678c5f35b6f365cd2166e1413e022c6722a599c,refs/pull/14/head,swh:1:snp:ec45f81c3f9937cd24b8b98070d2e7d38543bf76,./spark-tensorflow/prepare/src/test/scala/com/google/cloud/ml/samples/criteo/CriteoIndexerTest.scala,Modified
https://github.com/GoogleCloudPlatform/cloud-dataproc,swh:1:rev:6678c5f35b6f365cd2166e1413e022c6722a599c,refs/pull/14/head,swh:1:snp:ec45f81c3f9937cd24b8b98070d2e7d38543bf76,./spark-tensorflow/prepare/src/main/scala/com/google/cloud/ml/samples/criteo/CriteoPreprocessor.scala,NotFound
https://github.com/GoogleCloudPlatform/cloud-dataproc,swh:1:rev:6678c5f35b6f365cd2166e1413e022c6722a599c,refs/pull/14/head,swh:1:snp:ec45f81c3f9937cd24b8b98070d2e7d38543bf76,./spark-tensorflow/prepare/src/main/scala/com/google/cloud/ml/samples/criteo/CriteoMissingReplacer.scala,Modified
https://github.com/GoogleCloudPlatform/cloud-dataproc,swh:1:rev:6678c5f35b6f365cd2166e1413e022c6722a599c,refs/pull/14/head,swh:1:snp:ec45f81c3f9937cd24b8b98070d2e7d38543bf76,./spark-tensorflow/prepare/src/main/scala/com/google/cloud/ml/samples/criteo/CriteoPreprocessingApplication.scala,Modified
https://github.com/GoogleCloudPlatform/cloud-dataproc,swh:1:rev:6678c5f35b6f365cd2166e1413e022c6722a599c,refs/pull/14/head,swh:1:snp:ec45f81c3f9937cd24b8b98070d2e7d38543bf76,./spark-tensorflow/prepare/src/main/scala/com/google/cloud/ml/samples/criteo/CriteoIndexer.scala,Modified
https://github.com/GoogleCloudPlatform/cloud-dataproc,swh:1:rev:6678c5f35b6f365cd2166e1413e022c6722a599c,refs/pull/14/head,swh:1:snp:ec45f81c3f9937cd24b8b98070d2e7d38543bf76,./spark-tensorflow/doc/tf-train.md,Modified
https://github.com/GoogleCloudPlatform/cloud-dataproc,swh:1:rev:6678c5f35b6f365cd2166e1413e022c6722a599c,refs/pull/14/head,swh:1:snp:ec45f81c3f9937cd24b8b98070d2e7d38543bf76,./spark-tensorflow/prepare/src/main/scala/com/google/cloud/ml/samples/criteo/CriteoFeatures.scala,Modified
https://github.com/GoogleCloudPlatform/cloud-dataproc,swh:1:rev:6678c5f35b6f365cd2166e1413e022c6722a599c,refs/pull/14/head,swh:1:snp:ec45f81c3f9937cd24b8b98070d2e7d38543bf76,./spark-tensorflow/prepare/src/main/scala/com/google/cloud/ml/samples/criteo/ArtifactExporter.scala,Modified
https://github.com/GoogleCloudPlatform/cloud-dataproc,swh:1:rev:6678c5f35b6f365cd2166e1413e022c6722a599c,refs/pull/14/head,swh:1:snp:ec45f81c3f9937cd24b8b98070d2e7d38543bf76,./spark-tensorflow/prepare/src/main/scala/com/google/cloud/ml/samples/criteo/NewCriteoPreprocessingApplication.scala,NotFound
https://github.com/GoogleCloudPlatform/cloud-dataproc,swh:1:rev:6678c5f35b6f365cd2166e1413e022c6722a599c,refs/pull/14/head,swh:1:snp:ec45f81c3f9937cd24b8b98070d2e7d38543bf76,./spark-tensorflow/trainer/task_test.py,NotFound
https://github.com/GoogleCloudPlatform/cloud-dataproc,swh:1:rev:6678c5f35b6f365cd2166e1413e022c6722a599c,refs/pull/14/head,swh:1:snp:ec45f81c3f9937cd24b8b98070d2e7d38543bf76,./spark-tensorflow/trainer/task.py,Modified
https://github.com/GoogleCloudPlatform/cloud-dataproc,swh:1:rev:6678c5f35b6f365cd2166e1413e022c6722a599c,refs/pull/14/head,swh:1:snp:ec45f81c3f9937cd24b8b98070d2e7d38543bf76,./spark-tensorflow/prepare/src/test/scala/com/google/cloud/ml/samples/criteo/CriteoMissingReplacerTest.scala,Modified
https://github.com/GoogleCloudPlatform/cloud-dataproc,swh:1:rev:6678c5f35b6f365cd2166e1413e022c6722a599c,refs/pull/14/head,swh:1:snp:ec45f81c3f9937cd24b8b98070d2e7d38543bf76,./spark-tensorflow/prepare/submit-local.sh,Modified
https://github.com/tlswg/dtls13-spec,swh:1:rev:b3022de4f46762918be9e289d2fe8a6d0e7cea37,refs/heads/gh-pages,swh:1:snp:6e1029a8d41a65aa0717ae2c31955e841554c556,./index.html,Modified
https://github.com/GoogleCloudPlatform/cloud-dataproc,swh:1:rev:6678c5f35b6f365cd2166e1413e022c6722a599c,refs/heads/transform_refactor,swh:1:snp:ec45f81c3f9937cd24b8b98070d2e7d38543bf76,./spark-tensorflow/doc/tf-train.md,Modified
https://github.com/GoogleCloudPlatform/cloud-dataproc,swh:1:rev:6678c5f35b6f365cd2166e1413e022c6722a599c,refs/heads/transform_refactor,swh:1:snp:ec45f81c3f9937cd24b8b98070d2e7d38543bf76,./spark-tensorflow/doc/spark-submit.md,Modified
https://github.com/GoogleCloudPlatform/cloud-dataproc,swh:1:rev:6678c5f35b6f365cd2166e1413e022c6722a599c,refs/heads/transform_refactor,swh:1:snp:ec45f81c3f9937cd24b8b98070d2e7d38543bf76,./spark-tensorflow/prepare/src/test/scala/com/google/cloud/ml/samples/criteo/CriteoIndexerTest.scala,Modified
https://github.com/GoogleCloudPlatform/cloud-dataproc,swh:1:rev:6678c5f35b6f365cd2166e1413e022c6722a599c,refs/heads/transform_refactor,swh:1:snp:ec45f81c3f9937cd24b8b98070d2e7d38543bf76,./spark-tensorflow/prepare/src/main/scala/com/google/cloud/ml/samples/criteo/CriteoFeatures.scala,Modified
https://github.com/GoogleCloudPlatform/cloud-dataproc,swh:1:rev:6678c5f35b6f365cd2166e1413e022c6722a599c,refs/heads/transform_refactor,swh:1:snp:ec45f81c3f9937cd24b8b98070d2e7d38543bf76,./spark-tensorflow/prepare/src/main/scala/com/google/cloud/ml/samples/criteo/CriteoMissingReplacer.scala,Modified
https://github.com/GoogleCloudPlatform/cloud-dataproc,swh:1:rev:6678c5f35b6f365cd2166e1413e022c6722a599c,refs/heads/transform_refactor,swh:1:snp:ec45f81c3f9937cd24b8b98070d2e7d38543bf76,./spark-tensorflow/prepare/src/main/scala/com/google/cloud/ml/samples/criteo/CriteoImporter.scala,Modified
https://github.com/GoogleCloudPlatform/cloud-dataproc,swh:1:rev:6678c5f35b6f365cd2166e1413e022c6722a599c,refs/heads/transform_refactor,swh:1:snp:ec45f81c3f9937cd24b8b98070d2e7d38543bf76,./spark-tensorflow/prepare/src/main/scala/com/google/cloud/ml/samples/criteo/CriteoPreprocessingApplication.scala,Modified
https://github.com/GoogleCloudPlatform/cloud-dataproc,swh:1:rev:6678c5f35b6f365cd2166e1413e022c6722a599c,refs/heads/transform_refactor,swh:1:snp:ec45f81c3f9937cd24b8b98070d2e7d38543bf76,./spark-tensorflow/README.md,Modified
https://github.com/GoogleCloudPlatform/cloud-dataproc,swh:1:rev:6678c5f35b6f365cd2166e1413e022c6722a599c,refs/heads/transform_refactor,swh:1:snp:ec45f81c3f9937cd24b8b98070d2e7d38543bf76,./spark-tensorflow/prepare/src/main/scala/com/google/cloud/ml/samples/criteo/CriteoPreprocessor.scala,NotFound
https://github.com/GoogleCloudPlatform/cloud-dataproc,swh:1:rev:6678c5f35b6f365cd2166e1413e022c6722a599c,refs/heads/transform_refactor,swh:1:snp:ec45f81c3f9937cd24b8b98070d2e7d38543bf76,./spark-tensorflow/prepare/submit-local.sh,Modified
https://github.com/GoogleCloudPlatform/cloud-dataproc,swh:1:rev:6678c5f35b6f365cd2166e1413e022c6722a599c,refs/heads/transform_refactor,swh:1:snp:ec45f81c3f9937cd24b8b98070d2e7d38543bf76,./spark-tensorflow/prepare/src/main/scala/com/google/cloud/ml/samples/criteo/ArtifactExporter.scala,Modified
https://github.com/GoogleCloudPlatform/cloud-dataproc,swh:1:rev:6678c5f35b6f365cd2166e1413e022c6722a599c,refs/heads/transform_refactor,swh:1:snp:ec45f81c3f9937cd24b8b98070d2e7d38543bf76,./spark-tensorflow/trainer/task.py,Modified
https://github.com/GoogleCloudPlatform/cloud-dataproc,swh:1:rev:6678c5f35b6f365cd2166e1413e022c6722a599c,refs/heads/transform_refactor,swh:1:snp:ec45f81c3f9937cd24b8b98070d2e7d38543bf76,./spark-tensorflow/prepare/src/test/scala/com/google/cloud/ml/samples/criteo/CriteoMissingReplacerTest.scala,Modified
https://github.com/GoogleCloudPlatform/cloud-dataproc,swh:1:rev:6678c5f35b6f365cd2166e1413e022c6722a599c,refs/heads/transform_refactor,swh:1:snp:ec45f81c3f9937cd24b8b98070d2e7d38543bf76,./spark-tensorflow/prepare/src/main/scala/com/google/cloud/ml/samples/criteo/CriteoIndexer.scala,Modified
https://github.com/GoogleCloudPlatform/cloud-dataproc,swh:1:rev:6678c5f35b6f365cd2166e1413e022c6722a599c,refs/heads/transform_refactor,swh:1:snp:ec45f81c3f9937cd24b8b98070d2e7d38543bf76,./spark-tensorflow/prepare/src/main/scala/com/google/cloud/ml/samples/criteo/NewCriteoPreprocessingApplication.scala,NotFound
https://github.com/GoogleCloudPlatform/cloud-dataproc,swh:1:rev:6678c5f35b6f365cd2166e1413e022c6722a599c,refs/heads/transform_refactor,swh:1:snp:ec45f81c3f9937cd24b8b98070d2e7d38543bf76,./spark-tensorflow/trainer/task_test.py,NotFound
https://github.com/GoogleCloudPlatform/cloud-dataproc,swh:1:rev:6678c5f35b6f365cd2166e1413e022c6722a599c,refs/heads/transform_refactor,swh:1:snp:ec45f81c3f9937cd24b8b98070d2e7d38543bf76,./spark-tensorflow/prepare/src/test/scala/com/google/cloud/ml/samples/criteo/CriteoImporterTest.scala,Modified
https://github.com/tlswg/dtls13-spec,swh:1:rev:2493659a9f0061ba36b2eb35bf9dcdb1dabeb830,refs/heads/gh-pages,swh:1:snp:22b88bff55f8b55673fa00e2b71849a2425ff57d,./draft-ietf-tls-dtls13.txt,Modified
https://github.com/tlswg/dtls13-spec,swh:1:rev:2493659a9f0061ba36b2eb35bf9dcdb1dabeb830,refs/heads/gh-pages,swh:1:snp:22b88bff55f8b55673fa00e2b71849a2425ff57d,./archive.json,Modified
https://github.com/tlswg/dtls13-spec,swh:1:rev:2493659a9f0061ba36b2eb35bf9dcdb1dabeb830,refs/heads/gh-pages,swh:1:snp:22b88bff55f8b55673fa00e2b71849a2425ff57d,./index.html,Modified
https://github.com/tlswg/dtls13-spec,swh:1:rev:2493659a9f0061ba36b2eb35bf9dcdb1dabeb830,refs/heads/gh-pages,swh:1:snp:22b88bff55f8b55673fa00e2b71849a2425ff57d,./draft-ietf-tls-dtls13.html,Modified
https://github.com/carloscarm/dotfiles,swh:1:rev:7a7ef243d08580d5c166f3e974eaad5e9df8988e,refs/heads/master,swh:1:snp:fad0d6d537526d39846a1790d33b032ee20e334b,./.emacs,Modified
https://github.com/carloscarm/dotfiles,swh:1:rev:7a7ef243d08580d5c166f3e974eaad5e9df8988e,refs/heads/master,swh:1:snp:fad0d6d537526d39846a1790d33b032ee20e334b,./.bash_prompt,Modified
https://github.com/carloscarm/dotfiles,swh:1:rev:7a7ef243d08580d5c166f3e974eaad5e9df8988e,refs/heads/master,swh:1:snp:fad0d6d537526d39846a1790d33b032ee20e334b,./.functions,Modified
https://github.com/carloscarm/dotfiles,swh:1:rev:7a7ef243d08580d5c166f3e974eaad5e9df8988e,refs/heads/master,swh:1:snp:fad0d6d537526d39846a1790d33b032ee20e334b,./brew.sh,Modified
https://github.com/carloscarm/dotfiles,swh:1:rev:7a7ef243d08580d5c166f3e974eaad5e9df8988e,refs/heads/master,swh:1:snp:fad0d6d537526d39846a1790d33b032ee20e334b,./.bashrc,Modified
https://github.com/AlbertLysenco/money-expert-server,swh:1:rev:07d26309b6b6019354880156f159cd08e31852d8,refs/heads/develop,swh:1:snp:525fd2a3cdbe5006172ba7b6d7bb7fd5cedd1442,./src/main/resources/application.properties,Modified
https://github.com/AlbertLysenco/money-expert-server,swh:1:rev:07d26309b6b6019354880156f159cd08e31852d8,refs/heads/develop,swh:1:snp:525fd2a3cdbe5006172ba7b6d7bb7fd5cedd1442,./.gitignore,Modified
https://github.com/AlbertLysenco/money-expert-server,swh:1:rev:07d26309b6b6019354880156f159cd08e31852d8,refs/heads/develop,swh:1:snp:525fd2a3cdbe5006172ba7b6d7bb7fd5cedd1442,./.mvn/wrapper/maven-wrapper.properties,Modified
https://github.com/AlbertLysenco/money-expert-server,swh:1:rev:07d26309b6b6019354880156f159cd08e31852d8,refs/heads/develop,swh:1:snp:525fd2a3cdbe5006172ba7b6d7bb7fd5cedd1442,./src/main/java/com/moneyexpert/server/ServerApplication.java,NotFound
https://github.com/AlbertLysenco/money-expert-server,swh:1:rev:07d26309b6b6019354880156f159cd08e31852d8,refs/heads/develop,swh:1:snp:525fd2a3cdbe5006172ba7b6d7bb7fd5cedd1442,./mvnw,Modified
https://github.com/AlbertLysenco/money-expert-server,swh:1:rev:07d26309b6b6019354880156f159cd08e31852d8,refs/heads/develop,swh:1:snp:525fd2a3cdbe5006172ba7b6d7bb7fd5cedd1442,./mvnw.cmd,Modified
https://github.com/AlbertLysenco/money-expert-server,swh:1:rev:07d26309b6b6019354880156f159cd08e31852d8,refs/heads/develop,swh:1:snp:525fd2a3cdbe5006172ba7b6d7bb7fd5cedd1442,./pom.xml,Modified
https://github.com/AlbertLysenco/money-expert-server,swh:1:rev:07d26309b6b6019354880156f159cd08e31852d8,refs/heads/develop,swh:1:snp:525fd2a3cdbe5006172ba7b6d7bb7fd5cedd1442,./.mvn/wrapper/maven-wrapper.jar,Modified
https://github.com/AlbertLysenco/money-expert-server,swh:1:rev:07d26309b6b6019354880156f159cd08e31852d8,refs/heads/develop,swh:1:snp:525fd2a3cdbe5006172ba7b6d7bb7fd5cedd1442,./src/test/java/com/moneyexpert/server/ServerApplicationTests.java,NotFound
https://github.com/tlswg/dtls13-spec,swh:1:rev:a35b5868e2465cbee185a7bc3f74029f17393d58,refs/heads/gh-pages,swh:1:snp:c725312279072a890ff3ee3bacba646be0f006d8,./draft-ietf-tls-dtls13.html,Modified
https://github.com/tlswg/dtls13-spec,swh:1:rev:a35b5868e2465cbee185a7bc3f74029f17393d58,refs/heads/gh-pages,swh:1:snp:c725312279072a890ff3ee3bacba646be0f006d8,./draft-ietf-tls-dtls13.txt,Modified
https://github.com/Akurganow/akurganow.github.io,swh:1:rev:38ee1d8c086066b66f7990bd86d6d0c34fd7405c,refs/heads/dev,swh:1:snp:cc2d145c892f73b1099ac343b329c9b24ce3b28c,./src/files/images/kak-ukorotit-remeshok-pebble-steel/fullsize/ph01.jpg,NotFound
https://github.com/Akurganow/akurganow.github.io,swh:1:rev:38ee1d8c086066b66f7990bd86d6d0c34fd7405c,refs/heads/dev,swh:1:snp:cc2d145c892f73b1099ac343b329c9b24ce3b28c,./gulp/postcss/colors.coffee,NotFound
https://github.com/Akurganow/akurganow.github.io,swh:1:rev:38ee1d8c086066b66f7990bd86d6d0c34fd7405c,refs/heads/dev,swh:1:snp:cc2d145c892f73b1099ac343b329c9b24ce3b28c,./gulpfile.coffee,NotFound
https://github.com/Akurganow/akurganow.github.io,swh:1:rev:38ee1d8c086066b66f7990bd86d6d0c34fd7405c,refs/heads/dev,swh:1:snp:cc2d145c892f73b1099ac343b329c9b24ce3b28c,./src/files/fonts/pts55f.woff,NotFound
https://github.com/Akurganow/akurganow.github.io,swh:1:rev:38ee1d8c086066b66f7990bd86d6d0c34fd7405c,refs/heads/dev,swh:1:snp:cc2d145c892f73b1099ac343b329c9b24ce3b28c,./README.md,NotFound
https://github.com/Akurganow/akurganow.github.io,swh:1:rev:38ee1d8c086066b66f7990bd86d6d0c34fd7405c,refs/heads/dev,swh:1:snp:cc2d145c892f73b1099ac343b329c9b24ce3b28c,./src/layouts/post.html.jade,NotFound
https://github.com/Akurganow/akurganow.github.io,swh:1:rev:38ee1d8c086066b66f7990bd86d6d0c34fd7405c,refs/heads/dev,swh:1:snp:cc2d145c892f73b1099ac343b329c9b24ce3b28c,./src/files/images/kak-ukorotit-remeshok-pebble-steel/ph02.jpg,NotFound
https://github.com/Akurganow/akurganow.github.io,swh:1:rev:38ee1d8c086066b66f7990bd86d6d0c34fd7405c,refs/heads/dev,swh:1:snp:cc2d145c892f73b1099ac343b329c9b24ce3b28c,./src/files/images/kak-ukorotit-remeshok-pebble-steel/ph01.jpg,NotFound
https://github.com/Akurganow/akurganow.github.io,swh:1:rev:38ee1d8c086066b66f7990bd86d6d0c34fd7405c,refs/heads/dev,swh:1:snp:cc2d145c892f73b1099ac343b329c9b24ce3b28c,./src/documents/projects/lazy-dev.html.md,NotFound
https://github.com/Akurganow/akurganow.github.io,swh:1:rev:38ee1d8c086066b66f7990bd86d6d0c34fd7405c,refs/heads/dev,swh:1:snp:cc2d145c892f73b1099ac343b329c9b24ce3b28c,./src/documents/posts/test.html.md,NotFound
https://github.com/Akurganow/akurganow.github.io,swh:1:rev:38ee1d8c086066b66f7990bd86d6d0c34fd7405c,refs/heads/dev,swh:1:snp:cc2d145c892f73b1099ac343b329c9b24ce3b28c,./src/files/images/kak-ukorotit-remeshok-pebble-steel/fullsize/ph04.jpg,NotFound
https://github.com/Akurganow/akurganow.github.io,swh:1:rev:38ee1d8c086066b66f7990bd86d6d0c34fd7405c,refs/heads/dev,swh:1:snp:cc2d145c892f73b1099ac343b329c9b24ce3b28c,./assets/styles/projects.scss,NotFound
https://github.com/Akurganow/akurganow.github.io,swh:1:rev:38ee1d8c086066b66f7990bd86d6d0c34fd7405c,refs/heads/dev,swh:1:snp:cc2d145c892f73b1099ac343b329c9b24ce3b28c,./src/files/images/kak-ukorotit-remeshok-pebble-steel/ph05.jpg,NotFound
https://github.com/Akurganow/akurganow.github.io,swh:1:rev:38ee1d8c086066b66f7990bd86d6d0c34fd7405c,refs/heads/dev,swh:1:snp:cc2d145c892f73b1099ac343b329c9b24ce3b28c,./gulp/postcss/media.coffee,NotFound
https://github.com/Akurganow/akurganow.github.io,swh:1:rev:38ee1d8c086066b66f7990bd86d6d0c34fd7405c,refs/heads/dev,swh:1:snp:cc2d145c892f73b1099ac343b329c9b24ce3b28c,./src/layouts/portfolio.html.jade,NotFound
https://github.com/Akurganow/akurganow.github.io,swh:1:rev:38ee1d8c086066b66f7990bd86d6d0c34fd7405c,refs/heads/dev,swh:1:snp:cc2d145c892f73b1099ac343b329c9b24ce3b28c,./.gitignore,Modified
https://github.com/Akurganow/akurganow.github.io,swh:1:rev:38ee1d8c086066b66f7990bd86d6d0c34fd7405c,refs/heads/dev,swh:1:snp:cc2d145c892f73b1099ac343b329c9b24ce3b28c,./gulp/postcss/plugins.coffee,NotFound
https://github.com/Akurganow/akurganow.github.io,swh:1:rev:38ee1d8c086066b66f7990bd86d6d0c34fd7405c,refs/heads/dev,swh:1:snp:cc2d145c892f73b1099ac343b329c9b24ce3b28c,./assets/styles/inc/normalize.scss,NotFound
https://github.com/Akurganow/akurganow.github.io,swh:1:rev:38ee1d8c086066b66f7990bd86d6d0c34fd7405c,refs/heads/dev,swh:1:snp:cc2d145c892f73b1099ac343b329c9b24ce3b28c,./assets/scripts/base.coffee,NotFound
https://github.com/Akurganow/akurganow.github.io,swh:1:rev:38ee1d8c086066b66f7990bd86d6d0c34fd7405c,refs/heads/dev,swh:1:snp:cc2d145c892f73b1099ac343b329c9b24ce3b28c,./src/files/images/kak-ukorotit-remeshok-pebble-steel/ph03.jpg,NotFound
https://github.com/Akurganow/akurganow.github.io,swh:1:rev:38ee1d8c086066b66f7990bd86d6d0c34fd7405c,refs/heads/dev,swh:1:snp:cc2d145c892f73b1099ac343b329c9b24ce3b28c,./.csscomb.json,NotFound
https://github.com/Akurganow/akurganow.github.io,swh:1:rev:38ee1d8c086066b66f7990bd86d6d0c34fd7405c,refs/heads/dev,swh:1:snp:cc2d145c892f73b1099ac343b329c9b24ce3b28c,./src/files/fonts/pts56f.woff,NotFound
https://github.com/Akurganow/akurganow.github.io,swh:1:rev:38ee1d8c086066b66f7990bd86d6d0c34fd7405c,refs/heads/dev,swh:1:snp:cc2d145c892f73b1099ac343b329c9b24ce3b28c,./assets/scripts/search.coffee,NotFound
https://github.com/Akurganow/akurganow.github.io,swh:1:rev:38ee1d8c086066b66f7990bd86d6d0c34fd7405c,refs/heads/dev,swh:1:snp:cc2d145c892f73b1099ac343b329c9b24ce3b28c,./src/documents/index.html.jade,NotFound
https://github.com/Akurganow/akurganow.github.io,swh:1:rev:38ee1d8c086066b66f7990bd86d6d0c34fd7405c,refs/heads/dev,swh:1:snp:cc2d145c892f73b1099ac343b329c9b24ce3b28c,./src/files/images/kak-ukorotit-remeshok-pebble-steel/fullsize/ph03.jpg,NotFound
https://github.com/Akurganow/akurganow.github.io,swh:1:rev:38ee1d8c086066b66f7990bd86d6d0c34fd7405c,refs/heads/dev,swh:1:snp:cc2d145c892f73b1099ac343b329c9b24ce3b28c,./src/documents/posts/ukorotit-remeshok-pebble-steel.html.md,NotFound
https://github.com/Akurganow/akurganow.github.io,swh:1:rev:38ee1d8c086066b66f7990bd86d6d0c34fd7405c,refs/heads/dev,swh:1:snp:cc2d145c892f73b1099ac343b329c9b24ce3b28c,./docpad.coffee,NotFound
https://github.com/Akurganow/akurganow.github.io,swh:1:rev:38ee1d8c086066b66f7990bd86d6d0c34fd7405c,refs/heads/dev,swh:1:snp:cc2d145c892f73b1099ac343b329c9b24ce3b28c,./assets/styles/posts.scss,NotFound
https://github.com/Akurganow/akurganow.github.io,swh:1:rev:38ee1d8c086066b66f7990bd86d6d0c34fd7405c,refs/heads/dev,swh:1:snp:cc2d145c892f73b1099ac343b329c9b24ce3b28c,./src/files/images/kak-ukorotit-remeshok-pebble-steel/ph04.jpg,NotFound
https://github.com/Akurganow/akurganow.github.io,swh:1:rev:38ee1d8c086066b66f7990bd86d6d0c34fd7405c,refs/heads/dev,swh:1:snp:cc2d145c892f73b1099ac343b329c9b24ce3b28c,./gulp/postcss/svg-icon.coffee,NotFound
https://github.com/Akurganow/akurganow.github.io,swh:1:rev:38ee1d8c086066b66f7990bd86d6d0c34fd7405c,refs/heads/dev,swh:1:snp:cc2d145c892f73b1099ac343b329c9b24ce3b28c,./src/layouts/project.html.jade,NotFound
https://github.com/Akurganow/akurganow.github.io,swh:1:rev:38ee1d8c086066b66f7990bd86d6d0c34fd7405c,refs/heads/dev,swh:1:snp:cc2d145c892f73b1099ac343b329c9b24ce3b28c,./src/documents/projects/index.html.jade,NotFound
https://github.com/Akurganow/akurganow.github.io,swh:1:rev:38ee1d8c086066b66f7990bd86d6d0c34fd7405c,refs/heads/dev,swh:1:snp:cc2d145c892f73b1099ac343b329c9b24ce3b28c,./assets/styles/scope-posts.scss,NotFound
https://github.com/Akurganow/akurganow.github.io,swh:1:rev:38ee1d8c086066b66f7990bd86d6d0c34fd7405c,refs/heads/dev,swh:1:snp:cc2d145c892f73b1099ac343b329c9b24ce3b28c,./assets/styles/inc/fonts.scss,NotFound
https://github.com/Akurganow/akurganow.github.io,swh:1:rev:38ee1d8c086066b66f7990bd86d6d0c34fd7405c,refs/heads/dev,swh:1:snp:cc2d145c892f73b1099ac343b329c9b24ce3b28c,./src/documents/posts/index.html.jade,NotFound
https://github.com/Akurganow/akurganow.github.io,swh:1:rev:38ee1d8c086066b66f7990bd86d6d0c34fd7405c,refs/heads/dev,swh:1:snp:cc2d145c892f73b1099ac343b329c9b24ce3b28c,./assets/styles/inc/reset.scss,NotFound
https://github.com/Akurganow/akurganow.github.io,swh:1:rev:38ee1d8c086066b66f7990bd86d6d0c34fd7405c,refs/heads/dev,swh:1:snp:cc2d145c892f73b1099ac343b329c9b24ce3b28c,./src/layouts/default.html.jade,NotFound
https://github.com/Akurganow/akurganow.github.io,swh:1:rev:38ee1d8c086066b66f7990bd86d6d0c34fd7405c,refs/heads/dev,swh:1:snp:cc2d145c892f73b1099ac343b329c9b24ce3b28c,./package.json,Modified
https://github.com/Akurganow/akurganow.github.io,swh:1:rev:38ee1d8c086066b66f7990bd86d6d0c34fd7405c,refs/heads/dev,swh:1:snp:cc2d145c892f73b1099ac343b329c9b24ce3b28c,./src/files/images/kak-ukorotit-remeshok-pebble-steel/fullsize/ph02.jpg,NotFound
https://github.com/Akurganow/akurganow.github.io,swh:1:rev:38ee1d8c086066b66f7990bd86d6d0c34fd7405c,refs/heads/dev,swh:1:snp:cc2d145c892f73b1099ac343b329c9b24ce3b28c,./assets/styles/inc/variables.scss,NotFound
https://github.com/Akurganow/akurganow.github.io,swh:1:rev:38ee1d8c086066b66f7990bd86d6d0c34fd7405c,refs/heads/dev,swh:1:snp:cc2d145c892f73b1099ac343b329c9b24ce3b28c,./src/files/images/kak-ukorotit-remeshok-pebble-steel/fullsize/ph05.jpg,NotFound
https://github.com/Akurganow/akurganow.github.io,swh:1:rev:38ee1d8c086066b66f7990bd86d6d0c34fd7405c,refs/heads/dev,swh:1:snp:cc2d145c892f73b1099ac343b329c9b24ce3b28c,./gulp/tasks.coffee,NotFound
https://github.com/Akurganow/akurganow.github.io,swh:1:rev:38ee1d8c086066b66f7990bd86d6d0c34fd7405c,refs/heads/dev,swh:1:snp:cc2d145c892f73b1099ac343b329c9b24ce3b28c,./assets/styles/inc/highlight.scss,NotFound
https://github.com/Akurganow/akurganow.github.io,swh:1:rev:38ee1d8c086066b66f7990bd86d6d0c34fd7405c,refs/heads/dev,swh:1:snp:cc2d145c892f73b1099ac343b329c9b24ce3b28c,./assets/styles/base.scss,NotFound
https://github.com/Akurganow/akurganow.github.io,swh:1:rev:38ee1d8c086066b66f7990bd86d6d0c34fd7405c,refs/heads/dev,swh:1:snp:cc2d145c892f73b1099ac343b329c9b24ce3b28c,./src/documents/portfolio/index.html.jade,NotFound
https://github.com/Akurganow/akurganow.github.io,swh:1:rev:38ee1d8c086066b66f7990bd86d6d0c34fd7405c,refs/heads/dev,swh:1:snp:cc2d145c892f73b1099ac343b329c9b24ce3b28c,./gulp/deploy.coffee,NotFound
https://github.com/tlswg/dtls13-spec,swh:1:rev:851a49af38e6c8d351305a67dffac3198d5f74b3,refs/heads/gh-pages,swh:1:snp:091675577fe4c86c5f3679e81fa2e3b6956a93d3,./draft-ietf-tls-dtls13.html,Modified
https://github.com/tlswg/dtls13-spec,swh:1:rev:851a49af38e6c8d351305a67dffac3198d5f74b3,refs/heads/gh-pages,swh:1:snp:091675577fe4c86c5f3679e81fa2e3b6956a93d3,./draft-ietf-tls-dtls13.txt,Modified
https://github.com/theinfamousrj/talks,swh:1:rev:81d7402955f2bb0bfb642bc567d04025e0676905,refs/pull/18/head,swh:1:snp:536f4d248144cbc5ac9a1f1d18c737e78f7b6012,./project-spotlight-Anthem/package-lock.json,Modified
https://github.com/theinfamousrj/talks,swh:1:rev:81d7402955f2bb0bfb642bc567d04025e0676905,refs/pull/18/head,swh:1:snp:536f4d248144cbc5ac9a1f1d18c737e78f7b6012,./project-spotlight-Anthem/yarn.lock,Modified
https://github.com/theinfamousrj/talks,swh:1:rev:81d7402955f2bb0bfb642bc567d04025e0676905,refs/pull/18/head,swh:1:snp:536f4d248144cbc5ac9a1f1d18c737e78f7b6012,./presentations-the-dev-way/package-lock.json,Modified
https://github.com/theinfamousrj/talks,swh:1:rev:81d7402955f2bb0bfb642bc567d04025e0676905,refs/pull/18/head,swh:1:snp:536f4d248144cbc5ac9a1f1d18c737e78f7b6012,./stakeholders/yarn.lock,Modified
https://github.com/theinfamousrj/talks,swh:1:rev:81d7402955f2bb0bfb642bc567d04025e0676905,refs/pull/18/head,swh:1:snp:536f4d248144cbc5ac9a1f1d18c737e78f7b6012,./stakeholders/utils/preloader.js,NotFound
https://github.com/theinfamousrj/talks,swh:1:rev:81d7402955f2bb0bfb642bc567d04025e0676905,refs/pull/18/head,swh:1:snp:536f4d248144cbc5ac9a1f1d18c737e78f7b6012,./stakeholders/package-lock.json,Modified
https://github.com/theinfamousrj/talks,swh:1:rev:fdb4ee10fbb349694785128fbb554813d2ab25d7,refs/pull/59/head,swh:1:snp:536f4d248144cbc5ac9a1f1d18c737e78f7b6012,./stakeholders/package-lock.json,Modified
https://github.com/theinfamousrj/talks,swh:1:rev:fdb4ee10fbb349694785128fbb554813d2ab25d7,refs/pull/59/head,swh:1:snp:536f4d248144cbc5ac9a1f1d18c737e78f7b6012,./project-spotlight-Anthem/yarn.lock,Modified
https://github.com/theinfamousrj/talks,swh:1:rev:fdb4ee10fbb349694785128fbb554813d2ab25d7,refs/pull/59/head,swh:1:snp:536f4d248144cbc5ac9a1f1d18c737e78f7b6012,./project-spotlight-Anthem/package-lock.json,Modified
https://github.com/theinfamousrj/talks,swh:1:rev:fdb4ee10fbb349694785128fbb554813d2ab25d7,refs/pull/59/head,swh:1:snp:536f4d248144cbc5ac9a1f1d18c737e78f7b6012,./stakeholders/yarn.lock,Modified
https://github.com/theinfamousrj/talks,swh:1:rev:fdb4ee10fbb349694785128fbb554813d2ab25d7,refs/pull/59/head,swh:1:snp:536f4d248144cbc5ac9a1f1d18c737e78f7b6012,./presentations-the-dev-way/package-lock.json,Modified
https://github.com/theinfamousrj/talks,swh:1:rev:c2a4c595bafe2a22b74041da56308b67f046c3a8,refs/pull/34/head,swh:1:snp:536f4d248144cbc5ac9a1f1d18c737e78f7b6012,./project-spotlight-Anthem/package-lock.json,Modified
https://github.com/theinfamousrj/talks,swh:1:rev:c2a4c595bafe2a22b74041da56308b67f046c3a8,refs/pull/34/head,swh:1:snp:536f4d248144cbc5ac9a1f1d18c737e78f7b6012,./presentations-the-dev-way/package-lock.json,Modified
https://github.com/theinfamousrj/talks,swh:1:rev:c2a4c595bafe2a22b74041da56308b67f046c3a8,refs/pull/34/head,swh:1:snp:536f4d248144cbc5ac9a1f1d18c737e78f7b6012,./project-spotlight-Anthem/yarn.lock,Modified
https://github.com/theinfamousrj/talks,swh:1:rev:c2a4c595bafe2a22b74041da56308b67f046c3a8,refs/pull/34/head,swh:1:snp:536f4d248144cbc5ac9a1f1d18c737e78f7b6012,./stakeholders/yarn.lock,Modified
https://github.com/theinfamousrj/talks,swh:1:rev:c2a4c595bafe2a22b74041da56308b67f046c3a8,refs/pull/34/head,swh:1:snp:536f4d248144cbc5ac9a1f1d18c737e78f7b6012,./stakeholders/utils/preloader.js,NotFound
https://github.com/theinfamousrj/talks,swh:1:rev:c2a4c595bafe2a22b74041da56308b67f046c3a8,refs/pull/34/head,swh:1:snp:536f4d248144cbc5ac9a1f1d18c737e78f7b6012,./stakeholders/package-lock.json,Modified
https://github.com/GitScrum/slim-grid,swh:1:rev:1d5146503de46a5d63a5c225dcbaf17162d94940,refs/pull/189/head,swh:1:snp:0c3aada688e4421acaa7627c8f581d834011e31d,./package.json,Modified
https://github.com/frida/frida,swh:1:rev:ce3dfe48fd644ae37a47acd35e7f8426a8b4995f,refs/pull/2269/head,swh:1:snp:98a7e3a89cbe78b19cc1c1b4078677cbb589b001,./releng/ar-wrapper-xcode.sh.in,NotFound
https://github.com/frida/frida,swh:1:rev:ce3dfe48fd644ae37a47acd35e7f8426a8b4995f,refs/pull/2269/head,swh:1:snp:98a7e3a89cbe78b19cc1c1b4078677cbb589b001,./releng/build-deps-windows.py,Modified
https://github.com/frida/frida,swh:1:rev:ce3dfe48fd644ae37a47acd35e7f8426a8b4995f,refs/pull/2269/head,swh:1:snp:98a7e3a89cbe78b19cc1c1b4078677cbb589b001,./releng/driver-wrapper-xcode-static-libc++.sh.in,NotFound
https://github.com/frida/frida,swh:1:rev:ce3dfe48fd644ae37a47acd35e7f8426a8b4995f,refs/pull/2269/head,swh:1:snp:98a7e3a89cbe78b19cc1c1b4078677cbb589b001,./releng/winenv.py,Modified
https://github.com/frida/frida,swh:1:rev:ce3dfe48fd644ae37a47acd35e7f8426a8b4995f,refs/pull/2269/head,swh:1:snp:98a7e3a89cbe78b19cc1c1b4078677cbb589b001,./.cirrus.yml,Modified
https://github.com/frida/frida,swh:1:rev:ce3dfe48fd644ae37a47acd35e7f8426a8b4995f,refs/pull/2269/head,swh:1:snp:98a7e3a89cbe78b19cc1c1b4078677cbb589b001,./.github/workflows/ci.yml,Modified
https://github.com/frida/frida,swh:1:rev:ce3dfe48fd644ae37a47acd35e7f8426a8b4995f,refs/pull/2269/head,swh:1:snp:98a7e3a89cbe78b19cc1c1b4078677cbb589b001,./README.md,Modified
https://github.com/frida/frida,swh:1:rev:ce3dfe48fd644ae37a47acd35e7f8426a8b4995f,refs/pull/2269/head,swh:1:snp:98a7e3a89cbe78b19cc1c1b4078677cbb589b001,./releng/wget.exe,NotFound
https://github.com/frida/frida,swh:1:rev:ce3dfe48fd644ae37a47acd35e7f8426a8b4995f,refs/pull/2269/head,swh:1:snp:98a7e3a89cbe78b19cc1c1b4078677cbb589b001,./releng/driver-wrapper-xcode-default.sh.in,NotFound
https://github.com/frida/frida,swh:1:rev:ce3dfe48fd644ae37a47acd35e7f8426a8b4995f,refs/pull/2269/head,swh:1:snp:98a7e3a89cbe78b19cc1c1b4078677cbb589b001,./releng/deps.mk,Modified
https://github.com/frida/frida,swh:1:rev:ce3dfe48fd644ae37a47acd35e7f8426a8b4995f,refs/pull/2269/head,swh:1:snp:98a7e3a89cbe78b19cc1c1b4078677cbb589b001,./releng/sync-from-upstream.py,Modified
https://github.com/frida/frida,swh:1:rev:ce3dfe48fd644ae37a47acd35e7f8426a8b4995f,refs/pull/2269/head,swh:1:snp:98a7e3a89cbe78b19cc1c1b4078677cbb589b001,./.github/actions/setup-linux-env/action.yml,Modified
https://github.com/frida/frida,swh:1:rev:ce3dfe48fd644ae37a47acd35e7f8426a8b4995f,refs/pull/2269/head,swh:1:snp:98a7e3a89cbe78b19cc1c1b4078677cbb589b001,./releng/generate-version-header.py,Modified
https://github.com/frida/frida,swh:1:rev:ce3dfe48fd644ae37a47acd35e7f8426a8b4995f,refs/pull/2269/head,swh:1:snp:98a7e3a89cbe78b19cc1c1b4078677cbb589b001,./Makefile.sdk.mk,Modified
https://github.com/frida/frida,swh:1:rev:ce3dfe48fd644ae37a47acd35e7f8426a8b4995f,refs/pull/2269/head,swh:1:snp:98a7e3a89cbe78b19cc1c1b4078677cbb589b001,./releng/frida-qnx-defines.h,NotFound
https://github.com/frida/frida,swh:1:rev:ce3dfe48fd644ae37a47acd35e7f8426a8b4995f,refs/pull/2269/head,swh:1:snp:98a7e3a89cbe78b19cc1c1b4078677cbb589b001,./releng/setup-env.sh,Modified
https://github.com/frida/frida,swh:1:rev:ce3dfe48fd644ae37a47acd35e7f8426a8b4995f,refs/pull/2269/head,swh:1:snp:98a7e3a89cbe78b19cc1c1b4078677cbb589b001,./.github/actions/setup-windows-env/action.yml,Modified
https://github.com/frida/frida,swh:1:rev:ce3dfe48fd644ae37a47acd35e7f8426a8b4995f,refs/pull/2269/head,swh:1:snp:98a7e3a89cbe78b19cc1c1b4078677cbb589b001,./releng/frida.props,Modified
https://github.com/frida/frida,swh:1:rev:ce3dfe48fd644ae37a47acd35e7f8426a8b4995f,refs/pull/2269/head,swh:1:snp:98a7e3a89cbe78b19cc1c1b4078677cbb589b001,./releng/devkit.py,Modified
https://github.com/frida/frida,swh:1:rev:ce3dfe48fd644ae37a47acd35e7f8426a8b4995f,refs/pull/2269/head,swh:1:snp:98a7e3a89cbe78b19cc1c1b4078677cbb589b001,./releng/stage-python.ps1,NotFound
https://github.com/frida/frida,swh:1:rev:ce3dfe48fd644ae37a47acd35e7f8426a8b4995f,refs/pull/2269/head,swh:1:snp:98a7e3a89cbe78b19cc1c1b4078677cbb589b001,./.github/actions/setup-macos-env/action.yml,Modified
https://github.com/frida/frida,swh:1:rev:ce3dfe48fd644ae37a47acd35e7f8426a8b4995f,refs/pull/2269/head,swh:1:snp:98a7e3a89cbe78b19cc1c1b4078677cbb589b001,./Makefile.macos.mk,Modified
https://github.com/frida/frida,swh:1:rev:ce3dfe48fd644ae37a47acd35e7f8426a8b4995f,refs/pull/2269/head,swh:1:snp:98a7e3a89cbe78b19cc1c1b4078677cbb589b001,./releng/release.py,NotFound
https://github.com/frida/frida,swh:1:rev:ce3dfe48fd644ae37a47acd35e7f8426a8b4995f,refs/pull/2269/head,swh:1:snp:98a7e3a89cbe78b19cc1c1b4078677cbb589b001,./releng/ca-bundle.crt,NotFound
https://github.com/theinfamousrj/talks,swh:1:rev:f4385d70f942cb5bf0ba7aa533c6bff61118ca7d,refs/pull/16/head,swh:1:snp:536f4d248144cbc5ac9a1f1d18c737e78f7b6012,./stakeholders/yarn.lock,Modified
https://github.com/theinfamousrj/talks,swh:1:rev:f4385d70f942cb5bf0ba7aa533c6bff61118ca7d,refs/pull/16/head,swh:1:snp:536f4d248144cbc5ac9a1f1d18c737e78f7b6012,./stakeholders/package-lock.json,Modified
https://github.com/theinfamousrj/talks,swh:1:rev:f4385d70f942cb5bf0ba7aa533c6bff61118ca7d,refs/pull/16/head,swh:1:snp:536f4d248144cbc5ac9a1f1d18c737e78f7b6012,./project-spotlight-Anthem/yarn.lock,Modified
https://github.com/theinfamousrj/talks,swh:1:rev:f4385d70f942cb5bf0ba7aa533c6bff61118ca7d,refs/pull/16/head,swh:1:snp:536f4d248144cbc5ac9a1f1d18c737e78f7b6012,./project-spotlight-Anthem/package-lock.json,Modified
https://github.com/theinfamousrj/talks,swh:1:rev:f4385d70f942cb5bf0ba7aa533c6bff61118ca7d,refs/pull/16/head,swh:1:snp:536f4d248144cbc5ac9a1f1d18c737e78f7b6012,./presentations-the-dev-way/package-lock.json,Modified
https://github.com/GitScrum/slim-grid,swh:1:rev:4a43dca0c432687a728840786b3c0c5bf019432d,refs/pull/198/head,swh:1:snp:9785ca6cef05611cd96c47c944ac803389024950,./package.json,Modified
https://github.com/theinfamousrj/talks,swh:1:rev:8e69951481760b7dd0bcbc170a213b0444502e78,refs/pull/65/head,swh:1:snp:536f4d248144cbc5ac9a1f1d18c737e78f7b6012,./stakeholders/yarn.lock,Modified
https://github.com/theinfamousrj/talks,swh:1:rev:8e69951481760b7dd0bcbc170a213b0444502e78,refs/pull/65/head,swh:1:snp:536f4d248144cbc5ac9a1f1d18c737e78f7b6012,./stakeholders/package-lock.json,Modified
https://github.com/theinfamousrj/talks,swh:1:rev:8e69951481760b7dd0bcbc170a213b0444502e78,refs/pull/65/head,swh:1:snp:536f4d248144cbc5ac9a1f1d18c737e78f7b6012,./project-spotlight-Anthem/yarn.lock,Modified
https://github.com/theinfamousrj/talks,swh:1:rev:8e69951481760b7dd0bcbc170a213b0444502e78,refs/pull/65/head,swh:1:snp:536f4d248144cbc5ac9a1f1d18c737e78f7b6012,./project-spotlight-Anthem/package-lock.json,Modified
https://github.com/theinfamousrj/talks,swh:1:rev:8e69951481760b7dd0bcbc170a213b0444502e78,refs/pull/65/head,swh:1:snp:536f4d248144cbc5ac9a1f1d18c737e78f7b6012,./presentations-the-dev-way/package-lock.json,Modified
https://github.com/theinfamousrj/talks,swh:1:rev:04de122b1a5e6aa5fb895c099ab8662b398f95f9,refs/pull/62/head,swh:1:snp:536f4d248144cbc5ac9a1f1d18c737e78f7b6012,./project-spotlight-Anthem/yarn.lock,Modified
https://github.com/theinfamousrj/talks,swh:1:rev:04de122b1a5e6aa5fb895c099ab8662b398f95f9,refs/pull/62/head,swh:1:snp:536f4d248144cbc5ac9a1f1d18c737e78f7b6012,./stakeholders/package-lock.json,Modified
https://github.com/theinfamousrj/talks,swh:1:rev:04de122b1a5e6aa5fb895c099ab8662b398f95f9,refs/pull/62/head,swh:1:snp:536f4d248144cbc5ac9a1f1d18c737e78f7b6012,./stakeholders/yarn.lock,Modified
https://github.com/theinfamousrj/talks,swh:1:rev:04de122b1a5e6aa5fb895c099ab8662b398f95f9,refs/pull/62/head,swh:1:snp:536f4d248144cbc5ac9a1f1d18c737e78f7b6012,./presentations-the-dev-way/package-lock.json,Modified
https://github.com/theinfamousrj/talks,swh:1:rev:04de122b1a5e6aa5fb895c099ab8662b398f95f9,refs/pull/62/head,swh:1:snp:536f4d248144cbc5ac9a1f1d18c737e78f7b6012,./project-spotlight-Anthem/package-lock.json,Modified
https://github.com/GitScrum/slim-grid,swh:1:rev:baa682f145741fa387c0e0626eec953d8378a661,refs/pull/191/head,swh:1:snp:0c3aada688e4421acaa7627c8f581d834011e31d,./package.json,Modified
https://github.com/theinfamousrj/talks,swh:1:rev:87c0e2812dc5c472732456fce0a4cc07b75ffc85,refs/pull/53/head,swh:1:snp:536f4d248144cbc5ac9a1f1d18c737e78f7b6012,./stakeholders/yarn.lock,Modified
https://github.com/theinfamousrj/talks,swh:1:rev:87c0e2812dc5c472732456fce0a4cc07b75ffc85,refs/pull/53/head,swh:1:snp:536f4d248144cbc5ac9a1f1d18c737e78f7b6012,./stakeholders/package-lock.json,Modified
https://github.com/theinfamousrj/talks,swh:1:rev:87c0e2812dc5c472732456fce0a4cc07b75ffc85,refs/pull/53/head,swh:1:snp:536f4d248144cbc5ac9a1f1d18c737e78f7b6012,./project-spotlight-Anthem/package-lock.json,Modified
https://github.com/theinfamousrj/talks,swh:1:rev:87c0e2812dc5c472732456fce0a4cc07b75ffc85,refs/pull/53/head,swh:1:snp:536f4d248144cbc5ac9a1f1d18c737e78f7b6012,./project-spotlight-Anthem/yarn.lock,Modified
https://github.com/theinfamousrj/talks,swh:1:rev:87c0e2812dc5c472732456fce0a4cc07b75ffc85,refs/pull/53/head,swh:1:snp:536f4d248144cbc5ac9a1f1d18c737e78f7b6012,./presentations-the-dev-way/package-lock.json,Modified
https://github.com/GitScrum/slim-grid,swh:1:rev:bfa05393449274c869f2b51c19c96d6019d1f4a0,refs/pull/190/head,swh:1:snp:0c3aada688e4421acaa7627c8f581d834011e31d,./package.json,Modified
https://github.com/theinfamousrj/talks,swh:1:rev:851391906211d9e75cef301f165d6f7c0f651a4f,refs/pull/19/head,swh:1:snp:536f4d248144cbc5ac9a1f1d18c737e78f7b6012,./stakeholders/yarn.lock,Modified
https://github.com/theinfamousrj/talks,swh:1:rev:851391906211d9e75cef301f165d6f7c0f651a4f,refs/pull/19/head,swh:1:snp:536f4d248144cbc5ac9a1f1d18c737e78f7b6012,./stakeholders/package-lock.json,Modified
https://github.com/theinfamousrj/talks,swh:1:rev:851391906211d9e75cef301f165d6f7c0f651a4f,refs/pull/19/head,swh:1:snp:536f4d248144cbc5ac9a1f1d18c737e78f7b6012,./presentations-the-dev-way/package-lock.json,Modified
https://github.com/theinfamousrj/talks,swh:1:rev:851391906211d9e75cef301f165d6f7c0f651a4f,refs/pull/19/head,swh:1:snp:536f4d248144cbc5ac9a1f1d18c737e78f7b6012,./project-spotlight-Anthem/package-lock.json,Modified
https://github.com/theinfamousrj/talks,swh:1:rev:851391906211d9e75cef301f165d6f7c0f651a4f,refs/pull/19/head,swh:1:snp:536f4d248144cbc5ac9a1f1d18c737e78f7b6012,./project-spotlight-Anthem/yarn.lock,Modified
https://github.com/GitScrum/slim-grid,swh:1:rev:42dd4a85a4e98f264b928ffb6daa0d241032616c,refs/pull/187/head,swh:1:snp:0c3aada688e4421acaa7627c8f581d834011e31d,./package.json,Modified
https://github.com/theinfamousrj/talks,swh:1:rev:e204ed5ef6be421bca476dc38f1b6177ae324b37,refs/pull/25/head,swh:1:snp:536f4d248144cbc5ac9a1f1d18c737e78f7b6012,./presentations-the-dev-way/package-lock.json,Modified
https://github.com/theinfamousrj/talks,swh:1:rev:e204ed5ef6be421bca476dc38f1b6177ae324b37,refs/pull/25/head,swh:1:snp:536f4d248144cbc5ac9a1f1d18c737e78f7b6012,./stakeholders/yarn.lock,Modified
https://github.com/theinfamousrj/talks,swh:1:rev:e204ed5ef6be421bca476dc38f1b6177ae324b37,refs/pull/25/head,swh:1:snp:536f4d248144cbc5ac9a1f1d18c737e78f7b6012,./project-spotlight-Anthem/yarn.lock,Modified
https://github.com/theinfamousrj/talks,swh:1:rev:e204ed5ef6be421bca476dc38f1b6177ae324b37,refs/pull/25/head,swh:1:snp:536f4d248144cbc5ac9a1f1d18c737e78f7b6012,./stakeholders/package-lock.json,Modified
https://github.com/theinfamousrj/talks,swh:1:rev:e204ed5ef6be421bca476dc38f1b6177ae324b37,refs/pull/25/head,swh:1:snp:536f4d248144cbc5ac9a1f1d18c737e78f7b6012,./project-spotlight-Anthem/package-lock.json,Modified
https://github.com/theinfamousrj/talks,swh:1:rev:7dce130de47e267eaef1c082f9018e0ebe9c305e,refs/heads/dependabot/npm_and_yarn/project-spotlight-Anthem/hosted-git-info-2.8.9,swh:1:snp:536f4d248144cbc5ac9a1f1d18c737e78f7b6012,./project-spotlight-Anthem/package-lock.json,Modified
https://github.com/theinfamousrj/talks,swh:1:rev:7dce130de47e267eaef1c082f9018e0ebe9c305e,refs/heads/dependabot/npm_and_yarn/project-spotlight-Anthem/hosted-git-info-2.8.9,swh:1:snp:536f4d248144cbc5ac9a1f1d18c737e78f7b6012,./presentations-the-dev-way/package-lock.json,Modified
https://github.com/theinfamousrj/talks,swh:1:rev:7dce130de47e267eaef1c082f9018e0ebe9c305e,refs/heads/dependabot/npm_and_yarn/project-spotlight-Anthem/hosted-git-info-2.8.9,swh:1:snp:536f4d248144cbc5ac9a1f1d18c737e78f7b6012,./stakeholders/package-lock.json,Modified
https://github.com/theinfamousrj/talks,swh:1:rev:7dce130de47e267eaef1c082f9018e0ebe9c305e,refs/heads/dependabot/npm_and_yarn/project-spotlight-Anthem/hosted-git-info-2.8.9,swh:1:snp:536f4d248144cbc5ac9a1f1d18c737e78f7b6012,./project-spotlight-Anthem/yarn.lock,Modified
https://github.com/theinfamousrj/talks,swh:1:rev:7dce130de47e267eaef1c082f9018e0ebe9c305e,refs/heads/dependabot/npm_and_yarn/project-spotlight-Anthem/hosted-git-info-2.8.9,swh:1:snp:536f4d248144cbc5ac9a1f1d18c737e78f7b6012,./stakeholders/yarn.lock,Modified
https://github.com/theinfamousrj/talks,swh:1:rev:851391906211d9e75cef301f165d6f7c0f651a4f,refs/heads/dependabot/npm_and_yarn/project-spotlight-Anthem/websocket-extensions-0.1.4,swh:1:snp:536f4d248144cbc5ac9a1f1d18c737e78f7b6012,./presentations-the-dev-way/package-lock.json,Modified
https://github.com/theinfamousrj/talks,swh:1:rev:851391906211d9e75cef301f165d6f7c0f651a4f,refs/heads/dependabot/npm_and_yarn/project-spotlight-Anthem/websocket-extensions-0.1.4,swh:1:snp:536f4d248144cbc5ac9a1f1d18c737e78f7b6012,./project-spotlight-Anthem/package-lock.json,Modified
https://github.com/theinfamousrj/talks,swh:1:rev:851391906211d9e75cef301f165d6f7c0f651a4f,refs/heads/dependabot/npm_and_yarn/project-spotlight-Anthem/websocket-extensions-0.1.4,swh:1:snp:536f4d248144cbc5ac9a1f1d18c737e78f7b6012,./stakeholders/package-lock.json,Modified
https://github.com/theinfamousrj/talks,swh:1:rev:851391906211d9e75cef301f165d6f7c0f651a4f,refs/heads/dependabot/npm_and_yarn/project-spotlight-Anthem/websocket-extensions-0.1.4,swh:1:snp:536f4d248144cbc5ac9a1f1d18c737e78f7b6012,./project-spotlight-Anthem/yarn.lock,Modified
https://github.com/theinfamousrj/talks,swh:1:rev:851391906211d9e75cef301f165d6f7c0f651a4f,refs/heads/dependabot/npm_and_yarn/project-spotlight-Anthem/websocket-extensions-0.1.4,swh:1:snp:536f4d248144cbc5ac9a1f1d18c737e78f7b6012,./stakeholders/yarn.lock,Modified
https://github.com/theinfamousrj/talks,swh:1:rev:e329e7aa43ab70692d4ae12d780ea07cb4844c0c,refs/heads/dependabot/npm_and_yarn/presentations-the-dev-way/elliptic-6.5.4,swh:1:snp:536f4d248144cbc5ac9a1f1d18c737e78f7b6012,./presentations-the-dev-way/package-lock.json,Modified
https://github.com/theinfamousrj/talks,swh:1:rev:e329e7aa43ab70692d4ae12d780ea07cb4844c0c,refs/heads/dependabot/npm_and_yarn/presentations-the-dev-way/elliptic-6.5.4,swh:1:snp:536f4d248144cbc5ac9a1f1d18c737e78f7b6012,./stakeholders/package-lock.json,Modified
https://github.com/theinfamousrj/talks,swh:1:rev:e329e7aa43ab70692d4ae12d780ea07cb4844c0c,refs/heads/dependabot/npm_and_yarn/presentations-the-dev-way/elliptic-6.5.4,swh:1:snp:536f4d248144cbc5ac9a1f1d18c737e78f7b6012,./stakeholders/yarn.lock,Modified
https://github.com/theinfamousrj/talks,swh:1:rev:e329e7aa43ab70692d4ae12d780ea07cb4844c0c,refs/heads/dependabot/npm_and_yarn/presentations-the-dev-way/elliptic-6.5.4,swh:1:snp:536f4d248144cbc5ac9a1f1d18c737e78f7b6012,./project-spotlight-Anthem/package-lock.json,Modified
https://github.com/theinfamousrj/talks,swh:1:rev:e329e7aa43ab70692d4ae12d780ea07cb4844c0c,refs/heads/dependabot/npm_and_yarn/presentations-the-dev-way/elliptic-6.5.4,swh:1:snp:536f4d248144cbc5ac9a1f1d18c737e78f7b6012,./project-spotlight-Anthem/yarn.lock,Modified
https://github.com/theinfamousrj/talks,swh:1:rev:1d583cfad10a5d384ca9995f2680f8d655e563dd,refs/pull/27/head,swh:1:snp:536f4d248144cbc5ac9a1f1d18c737e78f7b6012,./stakeholders/package-lock.json,Modified
https://github.com/theinfamousrj/talks,swh:1:rev:1d583cfad10a5d384ca9995f2680f8d655e563dd,refs/pull/27/head,swh:1:snp:536f4d248144cbc5ac9a1f1d18c737e78f7b6012,./project-spotlight-Anthem/package-lock.json,Modified
https://github.com/theinfamousrj/talks,swh:1:rev:1d583cfad10a5d384ca9995f2680f8d655e563dd,refs/pull/27/head,swh:1:snp:536f4d248144cbc5ac9a1f1d18c737e78f7b6012,./presentations-the-dev-way/package-lock.json,Modified
https://github.com/theinfamousrj/talks,swh:1:rev:1d583cfad10a5d384ca9995f2680f8d655e563dd,refs/pull/27/head,swh:1:snp:536f4d248144cbc5ac9a1f1d18c737e78f7b6012,./project-spotlight-Anthem/yarn.lock,Modified
https://github.com/theinfamousrj/talks,swh:1:rev:1d583cfad10a5d384ca9995f2680f8d655e563dd,refs/pull/27/head,swh:1:snp:536f4d248144cbc5ac9a1f1d18c737e78f7b6012,./stakeholders/yarn.lock,Modified
https://github.com/theinfamousrj/talks,swh:1:rev:f5d646db3e06f7b7cb261d0a7d72eb2c0cb824f4,refs/pull/63/head,swh:1:snp:536f4d248144cbc5ac9a1f1d18c737e78f7b6012,./project-spotlight-Anthem/yarn.lock,Modified
https://github.com/theinfamousrj/talks,swh:1:rev:f5d646db3e06f7b7cb261d0a7d72eb2c0cb824f4,refs/pull/63/head,swh:1:snp:536f4d248144cbc5ac9a1f1d18c737e78f7b6012,./stakeholders/yarn.lock,Modified
https://github.com/theinfamousrj/talks,swh:1:rev:f5d646db3e06f7b7cb261d0a7d72eb2c0cb824f4,refs/pull/63/head,swh:1:snp:536f4d248144cbc5ac9a1f1d18c737e78f7b6012,./presentations-the-dev-way/package-lock.json,Modified
https://github.com/theinfamousrj/talks,swh:1:rev:f5d646db3e06f7b7cb261d0a7d72eb2c0cb824f4,refs/pull/63/head,swh:1:snp:536f4d248144cbc5ac9a1f1d18c737e78f7b6012,./stakeholders/package-lock.json,Modified
https://github.com/theinfamousrj/talks,swh:1:rev:f5d646db3e06f7b7cb261d0a7d72eb2c0cb824f4,refs/pull/63/head,swh:1:snp:536f4d248144cbc5ac9a1f1d18c737e78f7b6012,./project-spotlight-Anthem/package-lock.json,Modified
https://github.com/Jungle-Bus/transport_mapcss,swh:1:rev:c60ddf07a881cb1e1385e86282661d8da46c4e47,refs/heads/gh-pages,swh:1:snp:475ce24fc6feb8c130ede7eb202cc6cccb73b366,./po/hu.po,Modified
https://github.com/Jungle-Bus/transport_mapcss,swh:1:rev:c60ddf07a881cb1e1385e86282661d8da46c4e47,refs/heads/gh-pages,swh:1:snp:475ce24fc6feb8c130ede7eb202cc6cccb73b366,./po/uk.po,Modified
https://github.com/Jungle-Bus/transport_mapcss,swh:1:rev:c60ddf07a881cb1e1385e86282661d8da46c4e47,refs/heads/gh-pages,swh:1:snp:475ce24fc6feb8c130ede7eb202cc6cccb73b366,./po/zh_CN.po,Modified
https://github.com/Jungle-Bus/transport_mapcss,swh:1:rev:c60ddf07a881cb1e1385e86282661d8da46c4e47,refs/heads/gh-pages,swh:1:snp:475ce24fc6feb8c130ede7eb202cc6cccb73b366,./po/cs.po,Modified
https://github.com/Jungle-Bus/transport_mapcss,swh:1:rev:c60ddf07a881cb1e1385e86282661d8da46c4e47,refs/heads/gh-pages,swh:1:snp:475ce24fc6feb8c130ede7eb202cc6cccb73b366,./po/fr.po,Modified
https://github.com/Jungle-Bus/transport_mapcss,swh:1:rev:c60ddf07a881cb1e1385e86282661d8da46c4e47,refs/heads/gh-pages,swh:1:snp:475ce24fc6feb8c130ede7eb202cc6cccb73b366,./validateur_JOSM.png,NotFound
https://github.com/Jungle-Bus/transport_mapcss,swh:1:rev:c60ddf07a881cb1e1385e86282661d8da46c4e47,refs/heads/gh-pages,swh:1:snp:475ce24fc6feb8c130ede7eb202cc6cccb73b366,./po/Makefile,Modified
https://github.com/Jungle-Bus/transport_mapcss,swh:1:rev:c60ddf07a881cb1e1385e86282661d8da46c4e47,refs/heads/gh-pages,swh:1:snp:475ce24fc6feb8c130ede7eb202cc6cccb73b366,./po/i18n.pl,Modified
https://github.com/Jungle-Bus/transport_mapcss,swh:1:rev:c60ddf07a881cb1e1385e86282661d8da46c4e47,refs/heads/gh-pages,swh:1:snp:475ce24fc6feb8c130ede7eb202cc6cccb73b366,./.tx/config,Modified
https://github.com/Jungle-Bus/transport_mapcss,swh:1:rev:c60ddf07a881cb1e1385e86282661d8da46c4e47,refs/heads/gh-pages,swh:1:snp:475ce24fc6feb8c130ede7eb202cc6cccb73b366,./transport.validator.mapcss,Modified
https://github.com/Jungle-Bus/transport_mapcss,swh:1:rev:c60ddf07a881cb1e1385e86282661d8da46c4e47,refs/heads/gh-pages,swh:1:snp:475ce24fc6feb8c130ede7eb202cc6cccb73b366,./CONTRIBUTING.md,Modified
https://github.com/Jungle-Bus/transport_mapcss,swh:1:rev:c60ddf07a881cb1e1385e86282661d8da46c4e47,refs/heads/gh-pages,swh:1:snp:475ce24fc6feb8c130ede7eb202cc6cccb73b366,./po/nl.po,Modified
https://github.com/Jungle-Bus/transport_mapcss,swh:1:rev:c60ddf07a881cb1e1385e86282661d8da46c4e47,refs/heads/gh-pages,swh:1:snp:475ce24fc6feb8c130ede7eb202cc6cccb73b366,./README.md,Modified
https://github.com/Jungle-Bus/transport_mapcss,swh:1:rev:c60ddf07a881cb1e1385e86282661d8da46c4e47,refs/heads/gh-pages,swh:1:snp:475ce24fc6feb8c130ede7eb202cc6cccb73b366,./po/de.po,Modified
https://github.com/Jungle-Bus/transport_mapcss,swh:1:rev:c60ddf07a881cb1e1385e86282661d8da46c4e47,refs/heads/gh-pages,swh:1:snp:475ce24fc6feb8c130ede7eb202cc6cccb73b366,./transport.validator.zip,Modified
https://github.com/Jungle-Bus/transport_mapcss,swh:1:rev:c60ddf07a881cb1e1385e86282661d8da46c4e47,refs/heads/gh-pages,swh:1:snp:475ce24fc6feb8c130ede7eb202cc6cccb73b366,./po/es.po,Modified
https://github.com/Jungle-Bus/transport_mapcss,swh:1:rev:c60ddf07a881cb1e1385e86282661d8da46c4e47,refs/heads/gh-pages,swh:1:snp:475ce24fc6feb8c130ede7eb202cc6cccb73b366,./po/transport_mapcss.pot,Modified
https://github.com/theinfamousrj/talks,swh:1:rev:966f1f56c8a3d73df5a2151b060eac2a07c90c16,refs/pull/72/head,swh:1:snp:536f4d248144cbc5ac9a1f1d18c737e78f7b6012,./stakeholders/package-lock.json,Modified
https://github.com/theinfamousrj/talks,swh:1:rev:966f1f56c8a3d73df5a2151b060eac2a07c90c16,refs/pull/72/head,swh:1:snp:536f4d248144cbc5ac9a1f1d18c737e78f7b6012,./feedback/utils/preloader.js,NotFound
https://github.com/theinfamousrj/talks,swh:1:rev:966f1f56c8a3d73df5a2151b060eac2a07c90c16,refs/pull/72/head,swh:1:snp:536f4d248144cbc5ac9a1f1d18c737e78f7b6012,./project-spotlight-Anthem/yarn.lock,Modified
https://github.com/theinfamousrj/talks,swh:1:rev:966f1f56c8a3d73df5a2151b060eac2a07c90c16,refs/pull/72/head,swh:1:snp:536f4d248144cbc5ac9a1f1d18c737e78f7b6012,./project-spotlight-Anthem/package-lock.json,Modified
https://github.com/theinfamousrj/talks,swh:1:rev:966f1f56c8a3d73df5a2151b060eac2a07c90c16,refs/pull/72/head,swh:1:snp:536f4d248144cbc5ac9a1f1d18c737e78f7b6012,./stakeholders/yarn.lock,Modified
https://github.com/theinfamousrj/talks,swh:1:rev:966f1f56c8a3d73df5a2151b060eac2a07c90c16,refs/pull/72/head,swh:1:snp:536f4d248144cbc5ac9a1f1d18c737e78f7b6012,./presentations-the-dev-way/package-lock.json,Modified
https://github.com/Jungle-Bus/transport_mapcss,swh:1:rev:f867055c64d82bfbf9d9ac2250f4c90bda3f1a0c,refs/pull/48/head,swh:1:snp:0be4c36611e1ce380b2606a126ab2ca48c99b73a,./po/es.po,Modified
https://github.com/Jungle-Bus/transport_mapcss,swh:1:rev:f867055c64d82bfbf9d9ac2250f4c90bda3f1a0c,refs/pull/48/head,swh:1:snp:0be4c36611e1ce380b2606a126ab2ca48c99b73a,./po/zh_TW.po,Modified
https://github.com/Jungle-Bus/transport_mapcss,swh:1:rev:f867055c64d82bfbf9d9ac2250f4c90bda3f1a0c,refs/pull/48/head,swh:1:snp:0be4c36611e1ce380b2606a126ab2ca48c99b73a,./po/nl.po,Modified
https://github.com/Jungle-Bus/transport_mapcss,swh:1:rev:f867055c64d82bfbf9d9ac2250f4c90bda3f1a0c,refs/pull/48/head,swh:1:snp:0be4c36611e1ce380b2606a126ab2ca48c99b73a,./po/transport_mapcss.pot,Modified
https://github.com/Jungle-Bus/transport_mapcss,swh:1:rev:f867055c64d82bfbf9d9ac2250f4c90bda3f1a0c,refs/pull/48/head,swh:1:snp:0be4c36611e1ce380b2606a126ab2ca48c99b73a,./po/it.po,Modified
https://github.com/Jungle-Bus/transport_mapcss,swh:1:rev:f867055c64d82bfbf9d9ac2250f4c90bda3f1a0c,refs/pull/48/head,swh:1:snp:0be4c36611e1ce380b2606a126ab2ca48c99b73a,./po/pl.po,Modified
https://github.com/Jungle-Bus/transport_mapcss,swh:1:rev:f867055c64d82bfbf9d9ac2250f4c90bda3f1a0c,refs/pull/48/head,swh:1:snp:0be4c36611e1ce380b2606a126ab2ca48c99b73a,./po/fa.po,Modified
https://github.com/Jungle-Bus/transport_mapcss,swh:1:rev:f867055c64d82bfbf9d9ac2250f4c90bda3f1a0c,refs/pull/48/head,swh:1:snp:0be4c36611e1ce380b2606a126ab2ca48c99b73a,./po/gl.po,Modified
https://github.com/Jungle-Bus/transport_mapcss,swh:1:rev:f867055c64d82bfbf9d9ac2250f4c90bda3f1a0c,refs/pull/48/head,swh:1:snp:0be4c36611e1ce380b2606a126ab2ca48c99b73a,./po/de.po,Modified
https://github.com/Jungle-Bus/transport_mapcss,swh:1:rev:f867055c64d82bfbf9d9ac2250f4c90bda3f1a0c,refs/pull/48/head,swh:1:snp:0be4c36611e1ce380b2606a126ab2ca48c99b73a,./po/cs.po,Modified
https://github.com/Jungle-Bus/transport_mapcss,swh:1:rev:f867055c64d82bfbf9d9ac2250f4c90bda3f1a0c,refs/pull/48/head,swh:1:snp:0be4c36611e1ce380b2606a126ab2ca48c99b73a,./po/uk.po,Modified
https://github.com/Jungle-Bus/transport_mapcss,swh:1:rev:f867055c64d82bfbf9d9ac2250f4c90bda3f1a0c,refs/pull/48/head,swh:1:snp:0be4c36611e1ce380b2606a126ab2ca48c99b73a,./po/zh_CN.po,Modified
https://github.com/Jungle-Bus/transport_mapcss,swh:1:rev:f867055c64d82bfbf9d9ac2250f4c90bda3f1a0c,refs/pull/48/head,swh:1:snp:0be4c36611e1ce380b2606a126ab2ca48c99b73a,./po/hu.po,Modified
https://github.com/Jungle-Bus/transport_mapcss,swh:1:rev:f867055c64d82bfbf9d9ac2250f4c90bda3f1a0c,refs/pull/48/head,swh:1:snp:0be4c36611e1ce380b2606a126ab2ca48c99b73a,./transport.validator.mapcss,Modified
https://github.com/Jungle-Bus/transport_mapcss,swh:1:rev:f867055c64d82bfbf9d9ac2250f4c90bda3f1a0c,refs/pull/48/head,swh:1:snp:0be4c36611e1ce380b2606a126ab2ca48c99b73a,./po/ru.po,Modified
https://github.com/Jungle-Bus/transport_mapcss,swh:1:rev:f867055c64d82bfbf9d9ac2250f4c90bda3f1a0c,refs/pull/48/head,swh:1:snp:0be4c36611e1ce380b2606a126ab2ca48c99b73a,./po/ja.po,Modified
https://github.com/Jungle-Bus/transport_mapcss,swh:1:rev:f867055c64d82bfbf9d9ac2250f4c90bda3f1a0c,refs/pull/48/head,swh:1:snp:0be4c36611e1ce380b2606a126ab2ca48c99b73a,./po/fr.po,Modified
https://github.com/theinfamousrj/talks,swh:1:rev:919be5653d6273530144c2adc478f52819880d2b,refs/heads/dependabot/npm_and_yarn/project-spotlight-Anthem/path-parse-1.0.7,swh:1:snp:536f4d248144cbc5ac9a1f1d18c737e78f7b6012,./stakeholders/package-lock.json,Modified
https://github.com/theinfamousrj/talks,swh:1:rev:919be5653d6273530144c2adc478f52819880d2b,refs/heads/dependabot/npm_and_yarn/project-spotlight-Anthem/path-parse-1.0.7,swh:1:snp:536f4d248144cbc5ac9a1f1d18c737e78f7b6012,./presentations-the-dev-way/package-lock.json,Modified
https://github.com/theinfamousrj/talks,swh:1:rev:919be5653d6273530144c2adc478f52819880d2b,refs/heads/dependabot/npm_and_yarn/project-spotlight-Anthem/path-parse-1.0.7,swh:1:snp:536f4d248144cbc5ac9a1f1d18c737e78f7b6012,./stakeholders/yarn.lock,Modified
https://github.com/theinfamousrj/talks,swh:1:rev:919be5653d6273530144c2adc478f52819880d2b,refs/heads/dependabot/npm_and_yarn/project-spotlight-Anthem/path-parse-1.0.7,swh:1:snp:536f4d248144cbc5ac9a1f1d18c737e78f7b6012,./project-spotlight-Anthem/package-lock.json,Modified
https://github.com/theinfamousrj/talks,swh:1:rev:919be5653d6273530144c2adc478f52819880d2b,refs/heads/dependabot/npm_and_yarn/project-spotlight-Anthem/path-parse-1.0.7,swh:1:snp:536f4d248144cbc5ac9a1f1d18c737e78f7b6012,./project-spotlight-Anthem/yarn.lock,Modified
